﻿<?xml version="1.0" encoding="utf-8"?>
<Animations Character="Wizard">
  <Animation name="Wizard Floating" spritesheet="Eckart SpriteSheet_1.png" looping="1">
    <Frame RenderRectLeft="0" RenderRectTop="160" RenderRectRight="60" RenderRectBottom="270" CollisionRectLeft="0" CollisionRectTop="0" CollisionRectRight="0" CollisionRectBottom="0" ActiveRectLeft="0" ActiveRectTop="0" ActiveRectRight="0" ActiveRectBottom="0" EventPointX="0" EventPointY="0" event="none" duration="0.2" anchorpointX="27" anchorpointY="86" />
    <Frame RenderRectLeft="1" RenderRectTop="157" RenderRectRight="61" RenderRectBottom="267" CollisionRectLeft="0" CollisionRectTop="0" CollisionRectRight="0" CollisionRectBottom="0" ActiveRectLeft="0" ActiveRectTop="0" ActiveRectRight="0" ActiveRectBottom="0" EventPointX="0" EventPointY="0" event="none" duration="0.2" anchorpointX="27" anchorpointY="88" />
    <Frame RenderRectLeft="2" RenderRectTop="154" RenderRectRight="62" RenderRectBottom="264" CollisionRectLeft="0" CollisionRectTop="0" CollisionRectRight="0" CollisionRectBottom="0" ActiveRectLeft="0" ActiveRectTop="0" ActiveRectRight="0" ActiveRectBottom="0" EventPointX="0" EventPointY="0" event="none" duration="0.2" anchorpointX="27" anchorpointY="90" />
    <Frame RenderRectLeft="3" RenderRectTop="152" RenderRectRight="63" RenderRectBottom="262" CollisionRectLeft="0" CollisionRectTop="0" CollisionRectRight="0" CollisionRectBottom="0" ActiveRectLeft="0" ActiveRectTop="0" ActiveRectRight="0" ActiveRectBottom="0" EventPointX="0" EventPointY="0" event="none" duration="0.2" anchorpointX="27" anchorpointY="91" />
    <Frame RenderRectLeft="2" RenderRectTop="154" RenderRectRight="62" RenderRectBottom="264" CollisionRectLeft="0" CollisionRectTop="0" CollisionRectRight="0" CollisionRectBottom="0" ActiveRectLeft="0" ActiveRectTop="0" ActiveRectRight="0" ActiveRectBottom="0" EventPointX="0" EventPointY="0" event="none" duration="0.2" anchorpointX="27" anchorpointY="90" />
    <Frame RenderRectLeft="1" RenderRectTop="159" RenderRectRight="61" RenderRectBottom="269" CollisionRectLeft="0" CollisionRectTop="0" CollisionRectRight="0" CollisionRectBottom="0" ActiveRectLeft="0" ActiveRectTop="0" ActiveRectRight="0" ActiveRectBottom="0" EventPointX="0" EventPointY="0" event="none" duration="0.2" anchorpointX="27" anchorpointY="86" />
  </Animation>
  <Animation name="Wizard CastBat" spritesheet="Eckart SpriteSheet_1.png" looping="1">
    <Frame RenderRectLeft="13" RenderRectTop="6" RenderRectRight="148" RenderRectBottom="151" CollisionRectLeft="0" CollisionRectTop="0" CollisionRectRight="0" CollisionRectBottom="0" ActiveRectLeft="0" ActiveRectTop="0" ActiveRectRight="0" ActiveRectBottom="0" EventPointX="0" EventPointY="0" event="none" duration="0.2" anchorpointX="65" anchorpointY="141" />
    <Frame RenderRectLeft="145" RenderRectTop="3" RenderRectRight="275" RenderRectBottom="148" CollisionRectLeft="0" CollisionRectTop="0" CollisionRectRight="0" CollisionRectBottom="0" ActiveRectLeft="0" ActiveRectTop="0" ActiveRectRight="0" ActiveRectBottom="0" EventPointX="0" EventPointY="0" event="none" duration="0.2" anchorpointX="65" anchorpointY="139" />
    <Frame RenderRectLeft="119" RenderRectTop="151" RenderRectRight="226" RenderRectBottom="293" CollisionRectLeft="0" CollisionRectTop="0" CollisionRectRight="0" CollisionRectBottom="0" ActiveRectLeft="0" ActiveRectTop="0" ActiveRectRight="0" ActiveRectBottom="0" EventPointX="0" EventPointY="0" event="none" duration="0.2" anchorpointX="55" anchorpointY="140" />
    <Frame RenderRectLeft="285" RenderRectTop="150" RenderRectRight="379" RenderRectBottom="287" CollisionRectLeft="0" CollisionRectTop="0" CollisionRectRight="0" CollisionRectBottom="0" ActiveRectLeft="0" ActiveRectTop="0" ActiveRectRight="0" ActiveRectBottom="0" EventPointX="0" EventPointY="0" event="none" duration="0.2" anchorpointX="44" anchorpointY="133" />
    <Frame RenderRectLeft="378" RenderRectTop="151" RenderRectRight="478" RenderRectBottom="281" CollisionRectLeft="0" CollisionRectTop="0" CollisionRectRight="0" CollisionRectBottom="0" ActiveRectLeft="0" ActiveRectTop="0" ActiveRectRight="0" ActiveRectBottom="0" EventPointX="0" EventPointY="0" event="none" duration="0.2" anchorpointX="47" anchorpointY="121" />
    <Frame RenderRectLeft="492" RenderRectTop="161" RenderRectRight="613" RenderRectBottom="291" CollisionRectLeft="0" CollisionRectTop="0" CollisionRectRight="0" CollisionRectBottom="0" ActiveRectLeft="0" ActiveRectTop="0" ActiveRectRight="0" ActiveRectBottom="0" EventPointX="0" EventPointY="0" event="none" duration="0.2" anchorpointX="59" anchorpointY="122" />
    <Frame RenderRectLeft="631" RenderRectTop="160" RenderRectRight="744" RenderRectBottom="299" CollisionRectLeft="0" CollisionRectTop="0" CollisionRectRight="0" CollisionRectBottom="0" ActiveRectLeft="0" ActiveRectTop="0" ActiveRectRight="0" ActiveRectBottom="0" EventPointX="0" EventPointY="0" event="none" duration="0.2" anchorpointX="56" anchorpointY="134" />
    <Frame RenderRectLeft="766" RenderRectTop="159" RenderRectRight="881" RenderRectBottom="299" CollisionRectLeft="0" CollisionRectTop="0" CollisionRectRight="0" CollisionRectBottom="0" ActiveRectLeft="0" ActiveRectTop="0" ActiveRectRight="0" ActiveRectBottom="0" EventPointX="0" EventPointY="0" event="none" duration="0.2" anchorpointX="56" anchorpointY="136" />
    <Frame RenderRectLeft="8" RenderRectTop="308" RenderRectRight="133" RenderRectBottom="448" CollisionRectLeft="0" CollisionRectTop="0" CollisionRectRight="0" CollisionRectBottom="0" ActiveRectLeft="0" ActiveRectTop="0" ActiveRectRight="0" ActiveRectBottom="0" EventPointX="0" EventPointY="0" event="none" duration="0.2" anchorpointX="60" anchorpointY="133" />
    <Frame RenderRectLeft="144" RenderRectTop="312" RenderRectRight="268" RenderRectBottom="442" CollisionRectLeft="0" CollisionRectTop="0" CollisionRectRight="0" CollisionRectBottom="0" ActiveRectLeft="0" ActiveRectTop="0" ActiveRectRight="0" ActiveRectBottom="0" EventPointX="0" EventPointY="0" event="none" duration="0.2" anchorpointX="60" anchorpointY="126" />
    <Frame RenderRectLeft="276" RenderRectTop="7" RenderRectRight="408" RenderRectBottom="146" CollisionRectLeft="0" CollisionRectTop="0" CollisionRectRight="0" CollisionRectBottom="0" ActiveRectLeft="0" ActiveRectTop="0" ActiveRectRight="0" ActiveRectBottom="0" EventPointX="0" EventPointY="0" event="none" duration="0.2" anchorpointX="61" anchorpointY="132" />
    <Frame RenderRectLeft="415" RenderRectTop="7" RenderRectRight="533" RenderRectBottom="146" CollisionRectLeft="0" CollisionRectTop="0" CollisionRectRight="0" CollisionRectBottom="0" ActiveRectLeft="0" ActiveRectTop="0" ActiveRectRight="0" ActiveRectBottom="0" EventPointX="0" EventPointY="0" event="none" duration="0.2" anchorpointX="61" anchorpointY="132" />
    <Frame RenderRectLeft="543" RenderRectTop="10" RenderRectRight="654" RenderRectBottom="127" CollisionRectLeft="0" CollisionRectTop="0" CollisionRectRight="0" CollisionRectBottom="0" ActiveRectLeft="0" ActiveRectTop="0" ActiveRectRight="0" ActiveRectBottom="0" EventPointX="0" EventPointY="0" event="none" duration="0.2" anchorpointX="60" anchorpointY="100" />
    <Frame RenderRectLeft="660" RenderRectTop="3" RenderRectRight="776" RenderRectBottom="106" CollisionRectLeft="0" CollisionRectTop="0" CollisionRectRight="0" CollisionRectBottom="0" ActiveRectLeft="0" ActiveRectTop="0" ActiveRectRight="0" ActiveRectBottom="0" EventPointX="0" EventPointY="0" event="none" duration="0.2" anchorpointX="69" anchorpointY="81" />
    <Frame RenderRectLeft="792" RenderRectTop="5" RenderRectRight="901" RenderRectBottom="108" CollisionRectLeft="0" CollisionRectTop="0" CollisionRectRight="0" CollisionRectBottom="0" ActiveRectLeft="0" ActiveRectTop="0" ActiveRectRight="0" ActiveRectBottom="0" EventPointX="0" EventPointY="0" event="none" duration="0.2" anchorpointX="63" anchorpointY="79" />
  </Animation>
  <Animation name="Wizard Dash" spritesheet="Eckart SpriteSheet_1.png" looping="1">
    <Frame RenderRectLeft="664" RenderRectTop="742" RenderRectRight="730" RenderRectBottom="829" CollisionRectLeft="0" CollisionRectTop="0" CollisionRectRight="0" CollisionRectBottom="0" ActiveRectLeft="0" ActiveRectTop="0" ActiveRectRight="0" ActiveRectBottom="0" EventPointX="0" EventPointY="0" event="none" duration="0.1" anchorpointX="28" anchorpointY="84" />
    <Frame RenderRectLeft="734" RenderRectTop="739" RenderRectRight="863" RenderRectBottom="844" CollisionRectLeft="0" CollisionRectTop="0" CollisionRectRight="0" CollisionRectBottom="0" ActiveRectLeft="0" ActiveRectTop="0" ActiveRectRight="0" ActiveRectBottom="0" EventPointX="0" EventPointY="0" event="none" duration="0.1" anchorpointX="56" anchorpointY="97" />
    <Frame RenderRectLeft="867" RenderRectTop="743" RenderRectRight="951" RenderRectBottom="835" CollisionRectLeft="0" CollisionRectTop="0" CollisionRectRight="0" CollisionRectBottom="0" ActiveRectLeft="0" ActiveRectTop="0" ActiveRectRight="0" ActiveRectBottom="0" EventPointX="0" EventPointY="0" event="none" duration="0.1" anchorpointX="49" anchorpointY="74" />
    <Frame RenderRectLeft="2" RenderRectTop="856" RenderRectRight="103" RenderRectBottom="950" CollisionRectLeft="0" CollisionRectTop="0" CollisionRectRight="0" CollisionRectBottom="0" ActiveRectLeft="0" ActiveRectTop="0" ActiveRectRight="0" ActiveRectBottom="0" EventPointX="0" EventPointY="0" event="none" duration="0.1" anchorpointX="63" anchorpointY="75" />
    <Frame RenderRectLeft="110" RenderRectTop="856" RenderRectRight="207" RenderRectBottom="952" CollisionRectLeft="0" CollisionRectTop="0" CollisionRectRight="0" CollisionRectBottom="0" ActiveRectLeft="0" ActiveRectTop="0" ActiveRectRight="0" ActiveRectBottom="0" EventPointX="0" EventPointY="0" event="none" duration="0.1" anchorpointX="61" anchorpointY="75" />
    <Frame RenderRectLeft="210" RenderRectTop="856" RenderRectRight="306" RenderRectBottom="952" CollisionRectLeft="0" CollisionRectTop="0" CollisionRectRight="0" CollisionRectBottom="0" ActiveRectLeft="0" ActiveRectTop="0" ActiveRectRight="0" ActiveRectBottom="0" EventPointX="0" EventPointY="0" event="none" duration="0.1" anchorpointX="58" anchorpointY="75" />
    <Frame RenderRectLeft="311" RenderRectTop="858" RenderRectRight="406" RenderRectBottom="940" CollisionRectLeft="0" CollisionRectTop="0" CollisionRectRight="0" CollisionRectBottom="0" ActiveRectLeft="0" ActiveRectTop="0" ActiveRectRight="0" ActiveRectBottom="0" EventPointX="0" EventPointY="0" event="none" duration="0.1" anchorpointX="57" anchorpointY="73" />
  </Animation>
</Animations>