﻿<?xml version="1.0" encoding="utf-8"?>
<Animations Character="Player">
  <Animation name="Armor Player Jump" spritesheet="CharArmor_beard.png" looping="1">
    <Frame RenderRectLeft="1" RenderRectTop="0" RenderRectRight="61" RenderRectBottom="80" CollisionRectLeft="17" CollisionRectTop="13" CollisionRectRight="44" CollisionRectBottom="70" ActiveRectLeft="0" ActiveRectTop="0" ActiveRectRight="0" ActiveRectBottom="0" EventPointX="0" EventPointY="0" event="none" duration="0" anchorpointX="31" anchorpointY="72" />
  </Animation>
  <Animation name="Armor Player Idle" spritesheet="CharArmor_beard.png" looping="1">
    <Frame RenderRectLeft="64" RenderRectTop="0" RenderRectRight="124" RenderRectBottom="80" CollisionRectLeft="82" CollisionRectTop="10" CollisionRectRight="102" CollisionRectBottom="75" ActiveRectLeft="0" ActiveRectTop="0" ActiveRectRight="0" ActiveRectBottom="0" EventPointX="0" EventPointY="0" event="none" duration="0.4" anchorpointX="28" anchorpointY="72" />
    <Frame RenderRectLeft="127" RenderRectTop="1" RenderRectRight="187" RenderRectBottom="79" CollisionRectLeft="147" CollisionRectTop="9" CollisionRectRight="164" CollisionRectBottom="74" ActiveRectLeft="0" ActiveRectTop="0" ActiveRectRight="0" ActiveRectBottom="0" EventPointX="0" EventPointY="0" event="none" duration="0.4" anchorpointX="27" anchorpointY="71" />
    <Frame RenderRectLeft="187" RenderRectTop="1" RenderRectRight="247" RenderRectBottom="79" CollisionRectLeft="205" CollisionRectTop="14" CollisionRectRight="232" CollisionRectBottom="76" ActiveRectLeft="0" ActiveRectTop="0" ActiveRectRight="0" ActiveRectBottom="0" EventPointX="0" EventPointY="0" event="none" duration="0.4" anchorpointX="30" anchorpointY="71" />
  </Animation>
  <Animation name="Armor Player Walking" spritesheet="CharArmor_beard.png" looping="1">
    <Frame RenderRectLeft="96" RenderRectTop="194" RenderRectRight="150" RenderRectBottom="267" CollisionRectLeft="110" CollisionRectTop="199" CollisionRectRight="136" CollisionRectBottom="265" ActiveRectLeft="0" ActiveRectTop="0" ActiveRectRight="0" ActiveRectBottom="0" EventPointX="0" EventPointY="0" event="none" duration="0.18" anchorpointX="28" anchorpointY="71" />
    <Frame RenderRectLeft="157" RenderRectTop="194" RenderRectRight="212" RenderRectBottom="268" CollisionRectLeft="173" CollisionRectTop="196" CollisionRectRight="199" CollisionRectBottom="265" ActiveRectLeft="0" ActiveRectTop="0" ActiveRectRight="0" ActiveRectBottom="0" EventPointX="0" EventPointY="0" event="none" duration="0.18" anchorpointX="29" anchorpointY="71" />
    <Frame RenderRectLeft="219" RenderRectTop="194" RenderRectRight="274" RenderRectBottom="268" CollisionRectLeft="232" CollisionRectTop="195" CollisionRectRight="260" CollisionRectBottom="265" ActiveRectLeft="0" ActiveRectTop="0" ActiveRectRight="0" ActiveRectBottom="0" EventPointX="0" EventPointY="0" event="none" duration="0.18" anchorpointX="29" anchorpointY="71" />
    <Frame RenderRectLeft="281" RenderRectTop="194" RenderRectRight="336" RenderRectBottom="268" CollisionRectLeft="294" CollisionRectTop="196" CollisionRectRight="324" CollisionRectBottom="264" ActiveRectLeft="0" ActiveRectTop="0" ActiveRectRight="0" ActiveRectBottom="0" EventPointX="0" EventPointY="0" event="none" duration="0.18" anchorpointX="29" anchorpointY="71" />
  </Animation>
  <Animation name="Armor Player dashing" spritesheet="CharArmor_beard.png" looping="0">
    <Frame RenderRectLeft="248" RenderRectTop="2" RenderRectRight="336" RenderRectBottom="68" CollisionRectLeft="260" CollisionRectTop="2" CollisionRectRight="299" CollisionRectBottom="68" ActiveRectLeft="0" ActiveRectTop="0" ActiveRectRight="0" ActiveRectBottom="0" EventPointX="0" EventPointY="0" event="none" duration="0" anchorpointX="35" anchorpointY="65" />
  </Animation>
  <Animation name="Armor Player Swing" spritesheet="CharArmor_beard.png" looping="0">
    <Frame RenderRectLeft="267" RenderRectTop="80" RenderRectRight="338" RenderRectBottom="171" CollisionRectLeft="285" CollisionRectTop="112" CollisionRectRight="306" CollisionRectBottom="169" ActiveRectLeft="0" ActiveRectTop="0" ActiveRectRight="0" ActiveRectBottom="0" EventPointX="0" EventPointY="0" event="none" duration="0.3" anchorpointX="32" anchorpointY="88" />
    <Frame RenderRectLeft="339" RenderRectTop="75" RenderRectRight="445" RenderRectBottom="155" CollisionRectLeft="410" CollisionRectTop="91" CollisionRectRight="424" CollisionRectBottom="149" ActiveRectLeft="0" ActiveRectTop="0" ActiveRectRight="0" ActiveRectBottom="0" EventPointX="0" EventPointY="0" event="none" duration="0.15" anchorpointX="87" anchorpointY="73" />
    <Frame RenderRectLeft="2" RenderRectTop="193" RenderRectRight="90" RenderRectBottom="263" CollisionRectLeft="16" CollisionRectTop="202" CollisionRectRight="32" CollisionRectBottom="260" ActiveRectLeft="0" ActiveRectTop="0" ActiveRectRight="0" ActiveRectBottom="0" EventPointX="0" EventPointY="0" event="none" duration="0.3" anchorpointX="34" anchorpointY="65" />
  </Animation>
  <Animation name="Armor Player Swipe" spritesheet="CharArmor_beard.png" looping="0">
    <Frame RenderRectLeft="99" RenderRectTop="81" RenderRectRight="160" RenderRectBottom="164" CollisionRectLeft="120" CollisionRectTop="97" CollisionRectRight="137" CollisionRectBottom="162" ActiveRectLeft="0" ActiveRectTop="0" ActiveRectRight="0" ActiveRectBottom="0" EventPointX="0" EventPointY="0" event="none" duration="0.3" anchorpointX="25" anchorpointY="80" />
    <Frame RenderRectLeft="163" RenderRectTop="84" RenderRectRight="208" RenderRectBottom="170" CollisionRectLeft="178" CollisionRectTop="108" CollisionRectRight="192" CollisionRectBottom="170" ActiveRectLeft="0" ActiveRectTop="0" ActiveRectRight="0" ActiveRectBottom="0" EventPointX="0" EventPointY="0" event="none" duration="0.15" anchorpointX="22" anchorpointY="84" />
    <Frame RenderRectLeft="209" RenderRectTop="79" RenderRectRight="265" RenderRectBottom="191" CollisionRectLeft="224" CollisionRectTop="92" CollisionRectRight="240" CollisionRectBottom="148" ActiveRectLeft="0" ActiveRectTop="0" ActiveRectRight="0" ActiveRectBottom="0" EventPointX="0" EventPointY="0" event="none" duration="0.3" anchorpointX="22" anchorpointY="67" />
  </Animation>
</Animations>