﻿<?xml version="1.0" encoding="utf-8"?>
<Animations Character="BullEnemy">
  <Animation name="Bull_Enemy_Idle" spritesheet="BullEnemy.png" looping="1">
    <Frame RenderRectLeft="18" RenderRectTop="21" RenderRectRight="89" RenderRectBottom="68" CollisionRectLeft="19" CollisionRectTop="21" CollisionRectRight="81" CollisionRectBottom="68" ActiveRectLeft="20" ActiveRectTop="32" ActiveRectRight="44" ActiveRectBottom="66" EventPointX="0" EventPointY="0" event="none" duration="0.1" anchorpointX="36" anchorpointY="46" />
    <Frame RenderRectLeft="91" RenderRectTop="19" RenderRectRight="163" RenderRectBottom="68" CollisionRectLeft="91" CollisionRectTop="19" CollisionRectRight="153" CollisionRectBottom="68" ActiveRectLeft="91" ActiveRectTop="41" ActiveRectRight="119" ActiveRectBottom="68" EventPointX="0" EventPointY="0" event="none" duration="0.1" anchorpointX="35" anchorpointY="48" />
    <Frame RenderRectLeft="165" RenderRectTop="16" RenderRectRight="235" RenderRectBottom="68" CollisionRectLeft="165" CollisionRectTop="18" CollisionRectRight="225" CollisionRectBottom="68" ActiveRectLeft="165" ActiveRectTop="40" ActiveRectRight="192" ActiveRectBottom="68" EventPointX="0" EventPointY="0" event="none" duration="0.1" anchorpointX="34" anchorpointY="51" />
    <Frame RenderRectLeft="91" RenderRectTop="19" RenderRectRight="163" RenderRectBottom="68" CollisionRectLeft="91" CollisionRectTop="19" CollisionRectRight="153" CollisionRectBottom="68" ActiveRectLeft="91" ActiveRectTop="41" ActiveRectRight="119" ActiveRectBottom="68" EventPointX="0" EventPointY="0" event="none" duration="0.1" anchorpointX="35" anchorpointY="48" />
  </Animation>
  <Animation name="Bull_Enemy_Running" spritesheet="BullEnemy.png" looping="1">
    <Frame RenderRectLeft="18" RenderRectTop="85" RenderRectRight="89" RenderRectBottom="133" CollisionRectLeft="17" CollisionRectTop="84" CollisionRectRight="81" CollisionRectBottom="133" ActiveRectLeft="18" ActiveRectTop="104" ActiveRectRight="46" ActiveRectBottom="133" EventPointX="0" EventPointY="0" event="none" duration="0.1" anchorpointX="36" anchorpointY="47" />
    <Frame RenderRectLeft="91" RenderRectTop="83" RenderRectRight="163" RenderRectBottom="133" CollisionRectLeft="91" CollisionRectTop="83" CollisionRectRight="153" CollisionRectBottom="133" ActiveRectLeft="91" ActiveRectTop="110" ActiveRectRight="119" ActiveRectBottom="131" EventPointX="0" EventPointY="0" event="none" duration="0.1" anchorpointX="36" anchorpointY="49" />
    <Frame RenderRectLeft="165" RenderRectTop="81" RenderRectRight="235" RenderRectBottom="133" CollisionRectLeft="164" CollisionRectTop="81" CollisionRectRight="225" CollisionRectBottom="133" ActiveRectLeft="164" ActiveRectTop="109" ActiveRectRight="194" ActiveRectBottom="132" EventPointX="0" EventPointY="0" event="none" duration="0.1" anchorpointX="35" anchorpointY="51" />
    <Frame RenderRectLeft="91" RenderRectTop="83" RenderRectRight="163" RenderRectBottom="133" CollisionRectLeft="91" CollisionRectTop="82" CollisionRectRight="152" CollisionRectBottom="133" ActiveRectLeft="90" ActiveRectTop="107" ActiveRectRight="120" ActiveRectBottom="132" EventPointX="0" EventPointY="0" event="none" duration="0.1" anchorpointX="35" anchorpointY="49" />
  </Animation>
  <Animation name="Bull_Enemy_Death" spritesheet="BullEnemy.png" looping="0">
    <Frame RenderRectLeft="18" RenderRectTop="147" RenderRectRight="89" RenderRectBottom="197" CollisionRectLeft="19" CollisionRectTop="153" CollisionRectRight="79" CollisionRectBottom="197" ActiveRectLeft="17" ActiveRectTop="164" ActiveRectRight="47" ActiveRectBottom="199" EventPointX="0" EventPointY="0" event="none" duration="0.2" anchorpointX="38" anchorpointY="51" />
    <Frame RenderRectLeft="17" RenderRectTop="209" RenderRectRight="90" RenderRectBottom="252" CollisionRectLeft="18" CollisionRectTop="212" CollisionRectRight="80" CollisionRectBottom="252" ActiveRectLeft="18" ActiveRectTop="229" ActiveRectRight="45" ActiveRectBottom="251" EventPointX="0" EventPointY="0" event="none" duration="0.2" anchorpointX="38" anchorpointY="43" />
    <Frame RenderRectLeft="92" RenderRectTop="211" RenderRectRight="165" RenderRectBottom="252" CollisionRectLeft="92" CollisionRectTop="211" CollisionRectRight="154" CollisionRectBottom="251" ActiveRectLeft="90" ActiveRectTop="230" ActiveRectRight="118" ActiveRectBottom="251" EventPointX="0" EventPointY="0" event="none" duration="0.2" anchorpointX="37" anchorpointY="41" />
  </Animation>
</Animations>