﻿<?xml version="1.0" encoding="utf-8"?>
<Animations Character="Bull">
  <Animation name="Bull_Running" spritesheet="bull.png" looping="1">
    <Frame RenderRectLeft="11" RenderRectTop="239" RenderRectRight="254" RenderRectBottom="431" CollisionRectLeft="32" CollisionRectTop="267" CollisionRectRight="209" CollisionRectBottom="428" ActiveRectLeft="16" ActiveRectTop="299" ActiveRectRight="188" ActiveRectBottom="355" EventPointX="0" EventPointY="0" event="none" duration="0.1" anchorpointX="121" anchorpointY="189" />
    <Frame RenderRectLeft="266" RenderRectTop="243" RenderRectRight="487" RenderRectBottom="431" CollisionRectLeft="272" CollisionRectTop="250" CollisionRectRight="479" CollisionRectBottom="430" ActiveRectLeft="266" ActiveRectTop="306" ActiveRectRight="441" ActiveRectBottom="363" EventPointX="0" EventPointY="0" event="none" duration="0.1" anchorpointX="121" anchorpointY="187" />
    <Frame RenderRectLeft="508" RenderRectTop="241" RenderRectRight="734" RenderRectBottom="431" CollisionRectLeft="517" CollisionRectTop="246" CollisionRectRight="727" CollisionRectBottom="431" ActiveRectLeft="508" ActiveRectTop="299" ActiveRectRight="686" ActiveRectBottom="358" EventPointX="0" EventPointY="0" event="none" duration="0.1" anchorpointX="122" anchorpointY="190" />
    <Frame RenderRectLeft="751" RenderRectTop="243" RenderRectRight="982" RenderRectBottom="431" CollisionRectLeft="757" CollisionRectTop="248" CollisionRectRight="976" CollisionRectBottom="431" ActiveRectLeft="752" ActiveRectTop="302" ActiveRectRight="931" ActiveRectBottom="356" EventPointX="0" EventPointY="0" event="none" duration="0.1" anchorpointX="124" anchorpointY="188" />
    <Frame RenderRectLeft="1006" RenderRectTop="239" RenderRectRight="1242" RenderRectBottom="431" CollisionRectLeft="1013" CollisionRectTop="247" CollisionRectRight="1233" CollisionRectBottom="429" ActiveRectLeft="1003" ActiveRectTop="293" ActiveRectRight="1193" ActiveRectBottom="361" EventPointX="0" EventPointY="0" event="none" duration="0.1" anchorpointX="124" anchorpointY="190" />
    <Frame RenderRectLeft="1262" RenderRectTop="243" RenderRectRight="1509" RenderRectBottom="431" CollisionRectLeft="1268" CollisionRectTop="252" CollisionRectRight="1500" CollisionRectBottom="431" ActiveRectLeft="1260" ActiveRectTop="297" ActiveRectRight="1451" ActiveRectBottom="366" EventPointX="0" EventPointY="0" event="none" duration="0.1" anchorpointX="125" anchorpointY="188" />
    <Frame RenderRectLeft="1532" RenderRectTop="241" RenderRectRight="1786" RenderRectBottom="431" CollisionRectLeft="1541" CollisionRectTop="245" CollisionRectRight="1735" CollisionRectBottom="431" ActiveRectLeft="1527" ActiveRectTop="290" ActiveRectRight="1714" ActiveRectBottom="364" EventPointX="0" EventPointY="0" event="none" duration="0.1" anchorpointX="127" anchorpointY="190" />
    <Frame RenderRectLeft="1809" RenderRectTop="243" RenderRectRight="2068" RenderRectBottom="431" CollisionRectLeft="1811" CollisionRectTop="248" CollisionRectRight="2035" CollisionRectBottom="431" ActiveRectLeft="1806" ActiveRectTop="299" ActiveRectRight="1992" ActiveRectBottom="368" EventPointX="0" EventPointY="0" event="none" duration="0.1" anchorpointX="127" anchorpointY="188" />
  </Animation>
  <Animation name="Bull_Charging" spritesheet="bull.png" looping="1">
    <Frame RenderRectLeft="12" RenderRectTop="16" RenderRectRight="255" RenderRectBottom="205" CollisionRectLeft="17" CollisionRectTop="19" CollisionRectRight="220" CollisionRectBottom="205" ActiveRectLeft="11" ActiveRectTop="73" ActiveRectRight="197" ActiveRectBottom="140" EventPointX="0" EventPointY="0" event="none" duration="0.05" anchorpointX="101" anchorpointY="189" />
    <Frame RenderRectLeft="271" RenderRectTop="13" RenderRectRight="492" RenderRectBottom="205" CollisionRectLeft="274" CollisionRectTop="16" CollisionRectRight="471" CollisionRectBottom="203" ActiveRectLeft="269" ActiveRectTop="70" ActiveRectRight="448" ActiveRectBottom="131" EventPointX="0" EventPointY="0" event="none" duration="0.05" anchorpointX="101" anchorpointY="190" />
    <Frame RenderRectLeft="513" RenderRectTop="13" RenderRectRight="739" RenderRectBottom="205" CollisionRectLeft="517" CollisionRectTop="16" CollisionRectRight="719" CollisionRectBottom="198" ActiveRectLeft="512" ActiveRectTop="67" ActiveRectRight="704" ActiveRectBottom="135" EventPointX="0" EventPointY="0" event="none" duration="0.05" anchorpointX="101" anchorpointY="185" />
    <Frame RenderRectLeft="757" RenderRectTop="12" RenderRectRight="988" RenderRectBottom="205" CollisionRectLeft="759" CollisionRectTop="16" CollisionRectRight="958" CollisionRectBottom="196" ActiveRectLeft="757" ActiveRectTop="69" ActiveRectRight="937" ActiveRectBottom="134" EventPointX="0" EventPointY="0" event="none" duration="0.05" anchorpointX="101" anchorpointY="184" />
    <Frame RenderRectLeft="1012" RenderRectTop="11" RenderRectRight="1248" RenderRectBottom="205" CollisionRectLeft="1021" CollisionRectTop="19" CollisionRectRight="1210" CollisionRectBottom="197" ActiveRectLeft="1009" ActiveRectTop="68" ActiveRectRight="1187" ActiveRectBottom="134" EventPointX="0" EventPointY="0" event="none" duration="0.05" anchorpointX="101" anchorpointY="186" />
    <Frame RenderRectLeft="1266" RenderRectTop="16" RenderRectRight="1513" RenderRectBottom="205" CollisionRectLeft="1274" CollisionRectTop="26" CollisionRectRight="1469" CollisionRectBottom="198" ActiveRectLeft="1266" ActiveRectTop="69" ActiveRectRight="1445" ActiveRectBottom="129" EventPointX="0" EventPointY="0" event="none" duration="0.05" anchorpointX="101" anchorpointY="182" />
    <Frame RenderRectLeft="2102" RenderRectTop="16" RenderRectRight="2345" RenderRectBottom="205" CollisionRectLeft="2109" CollisionRectTop="27" CollisionRectRight="2302" CollisionRectBottom="205" ActiveRectLeft="2097" ActiveRectTop="66" ActiveRectRight="2282" ActiveRectBottom="144" EventPointX="0" EventPointY="0" event="none" duration="0.05" anchorpointX="101" anchorpointY="189" />
    <Frame RenderRectLeft="2369" RenderRectTop="15" RenderRectRight="2590" RenderRectBottom="205" CollisionRectLeft="2377" CollisionRectTop="30" CollisionRectRight="2570" CollisionRectBottom="202" ActiveRectLeft="0" ActiveRectTop="0" ActiveRectRight="0" ActiveRectBottom="0" EventPointX="0" EventPointY="0" event="none" duration="0.05" anchorpointX="101" anchorpointY="187" />
    <Frame RenderRectLeft="2616" RenderRectTop="13" RenderRectRight="2842" RenderRectBottom="205" CollisionRectLeft="2624" CollisionRectTop="31" CollisionRectRight="2812" CollisionRectBottom="198" ActiveRectLeft="2614" ActiveRectTop="69" ActiveRectRight="2798" ActiveRectBottom="140" EventPointX="0" EventPointY="0" event="none" duration="0.05" anchorpointX="101" anchorpointY="185" />
    <Frame RenderRectLeft="2870" RenderRectTop="12" RenderRectRight="3101" RenderRectBottom="205" CollisionRectLeft="2879" CollisionRectTop="38" CollisionRectRight="3066" CollisionRectBottom="196" ActiveRectLeft="2864" ActiveRectTop="69" ActiveRectRight="3051" ActiveRectBottom="136" EventPointX="0" EventPointY="0" event="none" duration="0.05" anchorpointX="101" anchorpointY="184" />
    <Frame RenderRectLeft="3124" RenderRectTop="11" RenderRectRight="3360" RenderRectBottom="205" CollisionRectLeft="3134" CollisionRectTop="29" CollisionRectRight="3329" CollisionRectBottom="197" ActiveRectLeft="3121" ActiveRectTop="69" ActiveRectRight="3306" ActiveRectBottom="138" EventPointX="0" EventPointY="0" event="none" duration="0.05" anchorpointX="101" anchorpointY="186" />
    <Frame RenderRectLeft="3385" RenderRectTop="16" RenderRectRight="3632" RenderRectBottom="205" CollisionRectLeft="3392" CollisionRectTop="27" CollisionRectRight="3594" CollisionRectBottom="198" ActiveRectLeft="3378" ActiveRectTop="65" ActiveRectRight="3567" ActiveRectBottom="133" EventPointX="0" EventPointY="0" event="none" duration="0.05" anchorpointX="101" anchorpointY="182" />
    <Frame RenderRectLeft="3650" RenderRectTop="17" RenderRectRight="3904" RenderRectBottom="205" CollisionRectLeft="3662" CollisionRectTop="30" CollisionRectRight="3850" CollisionRectBottom="202" ActiveRectLeft="3647" ActiveRectTop="71" ActiveRectRight="3831" ActiveRectBottom="137" EventPointX="0" EventPointY="0" event="none" duration="0.05" anchorpointX="101" anchorpointY="185" />
    <Frame RenderRectLeft="3924" RenderRectTop="17" RenderRectRight="4183" RenderRectBottom="205" CollisionRectLeft="3933" CollisionRectTop="35" CollisionRectRight="4122" CollisionRectBottom="205" ActiveRectLeft="3922" ActiveRectTop="73" ActiveRectRight="4104" ActiveRectBottom="135" EventPointX="0" EventPointY="0" event="none" duration="0.05" anchorpointX="101" anchorpointY="188" />
  </Animation>
  <Animation name="Bull_Stunned" spritesheet="bull.png" looping="0">
    <Frame RenderRectLeft="10" RenderRectTop="2039" RenderRectRight="246" RenderRectBottom="2238" CollisionRectLeft="25" CollisionRectTop="2065" CollisionRectRight="208" CollisionRectBottom="2226" ActiveRectLeft="10" ActiveRectTop="2099" ActiveRectRight="195" ActiveRectBottom="2177" EventPointX="0" EventPointY="0" event="none" duration="0.1" anchorpointX="103" anchorpointY="187" />
    <Frame RenderRectLeft="270" RenderRectTop="2046" RenderRectRight="512" RenderRectBottom="2238" CollisionRectLeft="279" CollisionRectTop="2064" CollisionRectRight="466" CollisionRectBottom="2236" ActiveRectLeft="266" ActiveRectTop="2099" ActiveRectRight="454" ActiveRectBottom="2167" EventPointX="0" EventPointY="0" event="none" duration="0.1" anchorpointX="98" anchorpointY="190" />
    <Frame RenderRectLeft="533" RenderRectTop="2045" RenderRectRight="780" RenderRectBottom="2238" CollisionRectLeft="543" CollisionRectTop="2066" CollisionRectRight="728" CollisionRectBottom="2238" ActiveRectLeft="532" ActiveRectTop="2094" ActiveRectRight="711" ActiveRectBottom="2166" EventPointX="0" EventPointY="0" event="none" duration="0.1" anchorpointX="97" anchorpointY="193" />
    <Frame RenderRectLeft="814" RenderRectTop="2045" RenderRectRight="1065" RenderRectBottom="2238" CollisionRectLeft="824" CollisionRectTop="2060" CollisionRectRight="1004" CollisionRectBottom="2238" ActiveRectLeft="811" ActiveRectTop="2093" ActiveRectRight="993" ActiveRectBottom="2162" EventPointX="0" EventPointY="0" event="none" duration="0.1" anchorpointX="96" anchorpointY="193" />
    <Frame RenderRectLeft="1113" RenderRectTop="2049" RenderRectRight="1355" RenderRectBottom="2238" CollisionRectLeft="1129" CollisionRectTop="2072" CollisionRectRight="1309" CollisionRectBottom="2235" ActiveRectLeft="1117" ActiveRectTop="2100" ActiveRectRight="1295" ActiveRectBottom="2175" EventPointX="0" EventPointY="0" event="none" duration="0.1" anchorpointX="104" anchorpointY="186" />
    <Frame RenderRectLeft="1392" RenderRectTop="2046" RenderRectRight="1615" RenderRectBottom="2238" CollisionRectLeft="1407" CollisionRectTop="2068" CollisionRectRight="1593" CollisionRectBottom="2217" ActiveRectLeft="1390" ActiveRectTop="2094" ActiveRectRight="1569" ActiveRectBottom="2168" EventPointX="0" EventPointY="0" event="none" duration="0.1" anchorpointX="116" anchorpointY="171" />
    <Frame RenderRectLeft="1651" RenderRectTop="2045" RenderRectRight="1882" RenderRectBottom="2239" CollisionRectLeft="1667" CollisionRectTop="2070" CollisionRectRight="1848" CollisionRectBottom="2216" ActiveRectLeft="1651" ActiveRectTop="2097" ActiveRectRight="1823" ActiveRectBottom="2168" EventPointX="0" EventPointY="0" event="none" duration="0.1" anchorpointX="114" anchorpointY="171" />
    <Frame RenderRectLeft="1920" RenderRectTop="2045" RenderRectRight="2158" RenderRectBottom="2239" CollisionRectLeft="1934" CollisionRectTop="2075" CollisionRectRight="2124" CollisionRectBottom="2215" ActiveRectLeft="1916" ActiveRectTop="2096" ActiveRectRight="2093" ActiveRectBottom="2166" EventPointX="0" EventPointY="0" event="none" duration="0.1" anchorpointX="114" anchorpointY="170" />
  </Animation>
  <Animation name="Bull_Stomp" spritesheet="bull.png" looping="1">
    <Frame RenderRectLeft="10" RenderRectTop="2040" RenderRectRight="246" RenderRectBottom="2238" CollisionRectLeft="22" CollisionRectTop="2072" CollisionRectRight="209" CollisionRectBottom="2226" ActiveRectLeft="10" ActiveRectTop="2092" ActiveRectRight="191" ActiveRectBottom="2175" EventPointX="0" EventPointY="0" event="none" duration="0.05" anchorpointX="102" anchorpointY="186" />
    <Frame RenderRectLeft="270" RenderRectTop="2046" RenderRectRight="512" RenderRectBottom="2238" CollisionRectLeft="279" CollisionRectTop="2065" CollisionRectRight="462" CollisionRectBottom="2236" ActiveRectLeft="271" ActiveRectTop="2081" ActiveRectRight="443" ActiveRectBottom="2171" EventPointX="0" EventPointY="0" event="none" duration="0.05" anchorpointX="96" anchorpointY="190" />
    <Frame RenderRectLeft="533" RenderRectTop="2045" RenderRectRight="780" RenderRectBottom="2238" CollisionRectLeft="541" CollisionRectTop="2060" CollisionRectRight="724" CollisionRectBottom="2238" ActiveRectLeft="532" ActiveRectTop="2084" ActiveRectRight="717" ActiveRectBottom="2172" EventPointX="0" EventPointY="0" event="none" duration="0.05" anchorpointX="95" anchorpointY="193" />
    <Frame RenderRectLeft="270" RenderRectTop="2046" RenderRectRight="512" RenderRectBottom="2238" CollisionRectLeft="279" CollisionRectTop="2068" CollisionRectRight="462" CollisionRectBottom="2236" ActiveRectLeft="268" ActiveRectTop="2095" ActiveRectRight="453" ActiveRectBottom="2173" EventPointX="0" EventPointY="0" event="none" duration="0.05" anchorpointX="96" anchorpointY="190" />
    <Frame RenderRectLeft="10" RenderRectTop="2040" RenderRectRight="257" RenderRectBottom="2245" CollisionRectLeft="18" CollisionRectTop="2065" CollisionRectRight="209" CollisionRectBottom="2226" ActiveRectLeft="12" ActiveRectTop="2089" ActiveRectRight="194" ActiveRectBottom="2172" EventPointX="0" EventPointY="0" event="none" duration="0.05" anchorpointX="102" anchorpointY="186" />
  </Animation>
</Animations>