﻿<?xml version="1.0" encoding="utf-8"?>
<Animations Character="CaveMan">
  <Animation name="CaveManWalking" spritesheet="MSM4_POW.png" looping="1">
    <Frame RenderRectLeft="0" RenderRectTop="0" RenderRectRight="42" RenderRectBottom="74" CollisionRectLeft="0" CollisionRectTop="0" CollisionRectRight="0" CollisionRectBottom="0" ActiveRectLeft="0" ActiveRectTop="0" ActiveRectRight="0" ActiveRectBottom="0" EventPointX="0" EventPointY="0" event="none" duration="0.2" anchorpointX="24" anchorpointY="45" />
    <Frame RenderRectLeft="44" RenderRectTop="0" RenderRectRight="81" RenderRectBottom="74" CollisionRectLeft="0" CollisionRectTop="0" CollisionRectRight="0" CollisionRectBottom="0" ActiveRectLeft="0" ActiveRectTop="0" ActiveRectRight="0" ActiveRectBottom="0" EventPointX="0" EventPointY="0" event="none" duration="0.2" anchorpointX="19" anchorpointY="43" />
    <Frame RenderRectLeft="82" RenderRectTop="0" RenderRectRight="110" RenderRectBottom="76" CollisionRectLeft="0" CollisionRectTop="0" CollisionRectRight="0" CollisionRectBottom="0" ActiveRectLeft="0" ActiveRectTop="0" ActiveRectRight="0" ActiveRectBottom="0" EventPointX="0" EventPointY="0" event="none" duration="0.2" anchorpointX="13" anchorpointY="40" />
    <Frame RenderRectLeft="111" RenderRectTop="1" RenderRectRight="139" RenderRectBottom="76" CollisionRectLeft="0" CollisionRectTop="0" CollisionRectRight="0" CollisionRectBottom="0" ActiveRectLeft="0" ActiveRectTop="0" ActiveRectRight="0" ActiveRectBottom="0" EventPointX="0" EventPointY="0" event="none" duration="0.2" anchorpointX="9" anchorpointY="43" />
    <Frame RenderRectLeft="140" RenderRectTop="1" RenderRectRight="182" RenderRectBottom="75" CollisionRectLeft="0" CollisionRectTop="0" CollisionRectRight="0" CollisionRectBottom="0" ActiveRectLeft="0" ActiveRectTop="0" ActiveRectRight="0" ActiveRectBottom="0" EventPointX="0" EventPointY="0" event="none" duration="0.2" anchorpointX="25" anchorpointY="36" />
    <Frame RenderRectLeft="184" RenderRectTop="0" RenderRectRight="230" RenderRectBottom="72" CollisionRectLeft="0" CollisionRectTop="0" CollisionRectRight="0" CollisionRectBottom="0" ActiveRectLeft="0" ActiveRectTop="0" ActiveRectRight="0" ActiveRectBottom="0" EventPointX="0" EventPointY="0" event="none" duration="0.2" anchorpointX="17" anchorpointY="41" />
  </Animation>
  <Animation name="CaveManJumping" spritesheet="MSM4_POW.png" looping="1">
    <Frame RenderRectLeft="212" RenderRectTop="143" RenderRectRight="247" RenderRectBottom="221" CollisionRectLeft="0" CollisionRectTop="0" CollisionRectRight="0" CollisionRectBottom="0" ActiveRectLeft="0" ActiveRectTop="0" ActiveRectRight="0" ActiveRectBottom="0" EventPointX="0" EventPointY="0" event="none" duration="0.2" anchorpointX="13" anchorpointY="42" />
  </Animation>
  <Animation name="CaveManAttack" spritesheet="MSM4_POW.png" looping="0">
    <Frame RenderRectLeft="0" RenderRectTop="145" RenderRectRight="30" RenderRectBottom="223" CollisionRectLeft="0" CollisionRectTop="0" CollisionRectRight="0" CollisionRectBottom="0" ActiveRectLeft="0" ActiveRectTop="0" ActiveRectRight="0" ActiveRectBottom="0" EventPointX="0" EventPointY="0" event="none" duration="0.2" anchorpointX="12" anchorpointY="39" />
    <Frame RenderRectLeft="30" RenderRectTop="143" RenderRectRight="82" RenderRectBottom="226" CollisionRectLeft="0" CollisionRectTop="0" CollisionRectRight="0" CollisionRectBottom="0" ActiveRectLeft="0" ActiveRectTop="0" ActiveRectRight="0" ActiveRectBottom="0" EventPointX="0" EventPointY="0" event="none" duration="0.2" anchorpointX="9" anchorpointY="49" />
    <Frame RenderRectLeft="81" RenderRectTop="144" RenderRectRight="137" RenderRectBottom="222" CollisionRectLeft="0" CollisionRectTop="0" CollisionRectRight="0" CollisionRectBottom="0" ActiveRectLeft="0" ActiveRectTop="0" ActiveRectRight="0" ActiveRectBottom="0" EventPointX="0" EventPointY="0" event="none" duration="0.4" anchorpointX="9" anchorpointY="49" />
    <Frame RenderRectLeft="137" RenderRectTop="143" RenderRectRight="179" RenderRectBottom="220" CollisionRectLeft="0" CollisionRectTop="0" CollisionRectRight="0" CollisionRectBottom="0" ActiveRectLeft="0" ActiveRectTop="0" ActiveRectRight="0" ActiveRectBottom="0" EventPointX="0" EventPointY="0" event="none" duration="0.2" anchorpointX="6" anchorpointY="47" />
    <Frame RenderRectLeft="181" RenderRectTop="150" RenderRectRight="211" RenderRectBottom="220" CollisionRectLeft="0" CollisionRectTop="0" CollisionRectRight="0" CollisionRectBottom="0" ActiveRectLeft="0" ActiveRectTop="0" ActiveRectRight="0" ActiveRectBottom="0" EventPointX="0" EventPointY="0" event="none" duration="0.2" anchorpointX="12" anchorpointY="39" />
  </Animation>
  <Animation name="CaveManStunned" spritesheet="MSM4_POW.png" looping="1">
    <Frame RenderRectLeft="29" RenderRectTop="73" RenderRectRight="79" RenderRectBottom="148" CollisionRectLeft="0" CollisionRectTop="0" CollisionRectRight="0" CollisionRectBottom="0" ActiveRectLeft="0" ActiveRectTop="0" ActiveRectRight="0" ActiveRectBottom="0" EventPointX="0" EventPointY="0" event="none" duration="0.2" anchorpointX="24" anchorpointY="41" />
    <Frame RenderRectLeft="79" RenderRectTop="73" RenderRectRight="119" RenderRectBottom="148" CollisionRectLeft="0" CollisionRectTop="0" CollisionRectRight="0" CollisionRectBottom="0" ActiveRectLeft="0" ActiveRectTop="0" ActiveRectRight="0" ActiveRectBottom="0" EventPointX="0" EventPointY="0" event="none" duration="0.2" anchorpointX="23" anchorpointY="41" />
    <Frame RenderRectLeft="120" RenderRectTop="72" RenderRectRight="162" RenderRectBottom="147" CollisionRectLeft="0" CollisionRectTop="0" CollisionRectRight="0" CollisionRectBottom="0" ActiveRectLeft="0" ActiveRectTop="0" ActiveRectRight="0" ActiveRectBottom="0" EventPointX="0" EventPointY="0" event="none" duration="0.2" anchorpointX="23" anchorpointY="43" />
    <Frame RenderRectLeft="162" RenderRectTop="73" RenderRectRight="201" RenderRectBottom="148" CollisionRectLeft="0" CollisionRectTop="0" CollisionRectRight="0" CollisionRectBottom="0" ActiveRectLeft="0" ActiveRectTop="0" ActiveRectRight="0" ActiveRectBottom="0" EventPointX="0" EventPointY="0" event="none" duration="0.2" anchorpointX="20" anchorpointY="42" />
    <Frame RenderRectLeft="200" RenderRectTop="72" RenderRectRight="235" RenderRectBottom="143" CollisionRectLeft="0" CollisionRectTop="0" CollisionRectRight="0" CollisionRectBottom="0" ActiveRectLeft="0" ActiveRectTop="0" ActiveRectRight="0" ActiveRectBottom="0" EventPointX="0" EventPointY="0" event="none" duration="0.2" anchorpointX="15" anchorpointY="43" />
  </Animation>
  <Animation name="CaveManDeath" spritesheet="MSM4_POW.png" looping="1">
    <Frame RenderRectLeft="1" RenderRectTop="304" RenderRectRight="37" RenderRectBottom="356" CollisionRectLeft="0" CollisionRectTop="0" CollisionRectRight="0" CollisionRectBottom="0" ActiveRectLeft="0" ActiveRectTop="0" ActiveRectRight="0" ActiveRectBottom="0" EventPointX="0" EventPointY="0" event="none" duration="0.2" anchorpointX="13" anchorpointY="36" />
  </Animation>
</Animations>