﻿<?xml version="1.0" encoding="utf-8"?>
<Animations Character="Hermit Crab">
  <Animation name="Hermit Crab Hide" spritesheet="Hermit Crab.png" looping="1">
    <Frame RenderRectLeft="11" RenderRectTop="30" RenderRectRight="75" RenderRectBottom="93" CollisionRectLeft="14" CollisionRectTop="48" CollisionRectRight="70" CollisionRectBottom="88" ActiveRectLeft="0" ActiveRectTop="0" ActiveRectRight="0" ActiveRectBottom="0" EventPointX="0" EventPointY="0" event="none" duration="0.2" anchorpointX="28" anchorpointY="56" />
    <Frame RenderRectLeft="75" RenderRectTop="32" RenderRectRight="140" RenderRectBottom="93" CollisionRectLeft="76" CollisionRectTop="46" CollisionRectRight="138" CollisionRectBottom="89" ActiveRectLeft="0" ActiveRectTop="0" ActiveRectRight="0" ActiveRectBottom="0" EventPointX="0" EventPointY="0" event="none" duration="0.2" anchorpointX="30" anchorpointY="54" />
    <Frame RenderRectLeft="139" RenderRectTop="25" RenderRectRight="204" RenderRectBottom="92" CollisionRectLeft="142" CollisionRectTop="49" CollisionRectRight="202" CollisionRectBottom="89" ActiveRectLeft="0" ActiveRectTop="0" ActiveRectRight="0" ActiveRectBottom="0" EventPointX="0" EventPointY="0" event="none" duration="0.2" anchorpointX="30" anchorpointY="61" />
    <Frame RenderRectLeft="75" RenderRectTop="32" RenderRectRight="140" RenderRectBottom="93" CollisionRectLeft="76" CollisionRectTop="46" CollisionRectRight="138" CollisionRectBottom="89" ActiveRectLeft="0" ActiveRectTop="0" ActiveRectRight="0" ActiveRectBottom="0" EventPointX="0" EventPointY="0" event="none" duration="0.2" anchorpointX="30" anchorpointY="54" />
    <Frame RenderRectLeft="11" RenderRectTop="30" RenderRectRight="75" RenderRectBottom="93" CollisionRectLeft="14" CollisionRectTop="48" CollisionRectRight="70" CollisionRectBottom="88" ActiveRectLeft="0" ActiveRectTop="0" ActiveRectRight="0" ActiveRectBottom="0" EventPointX="0" EventPointY="0" event="none" duration="0.2" anchorpointX="28" anchorpointY="56" />
  </Animation>
  <Animation name="Hermit Crab Pounce" spritesheet="Hermit Crab.png" looping="0">
    <Frame RenderRectLeft="7" RenderRectTop="294" RenderRectRight="108" RenderRectBottom="376" CollisionRectLeft="30" CollisionRectTop="322" CollisionRectRight="86" CollisionRectBottom="366" ActiveRectLeft="0" ActiveRectTop="0" ActiveRectRight="0" ActiveRectBottom="0" EventPointX="0" EventPointY="0" event="none" duration="0.2" anchorpointX="48" anchorpointY="76" />
    <Frame RenderRectLeft="107" RenderRectTop="297" RenderRectRight="208" RenderRectBottom="376" CollisionRectLeft="128" CollisionRectTop="318" CollisionRectRight="187" CollisionRectBottom="368" ActiveRectLeft="0" ActiveRectTop="0" ActiveRectRight="0" ActiveRectBottom="0" EventPointX="0" EventPointY="0" event="none" duration="0.2" anchorpointX="48" anchorpointY="73" />
    <Frame RenderRectLeft="207" RenderRectTop="296" RenderRectRight="310" RenderRectBottom="379" CollisionRectLeft="232" CollisionRectTop="321" CollisionRectRight="285" CollisionRectBottom="369" ActiveRectLeft="0" ActiveRectTop="0" ActiveRectRight="0" ActiveRectBottom="0" EventPointX="0" EventPointY="0" event="none" duration="0.2" anchorpointX="49" anchorpointY="74" />
    <Frame RenderRectLeft="311" RenderRectTop="292" RenderRectRight="410" RenderRectBottom="380" CollisionRectLeft="331" CollisionRectTop="316" CollisionRectRight="388" CollisionRectBottom="369" ActiveRectLeft="0" ActiveRectTop="0" ActiveRectRight="0" ActiveRectBottom="0" EventPointX="0" EventPointY="0" event="none" duration="0.2" anchorpointX="46" anchorpointY="78" />
  </Animation>
</Animations>