﻿<?xml version="1.0" encoding="utf-8"?>
<Animations Character="King Clang">
  <Animation name="Clang Idle" spritesheet="KingClang.png" looping="0">
    <Frame RenderRectLeft="93" RenderRectTop="83" RenderRectRight="1149" RenderRectBottom="963" CollisionRectLeft="352" CollisionRectTop="654" CollisionRectRight="845" CollisionRectBottom="963" ActiveRectLeft="0" ActiveRectTop="0" ActiveRectRight="0" ActiveRectBottom="0" EventPointX="0" EventPointY="0" event="none" duration="0" anchorpointX="476" anchorpointY="788" />
  </Animation>
  <Animation name="Clang Left Slam" spritesheet="KingClang.png" looping="0">
    <Frame RenderRectLeft="55" RenderRectTop="6309" RenderRectRight="1092" RenderRectBottom="7195" CollisionRectLeft="55" CollisionRectTop="6873" CollisionRectRight="1092" CollisionRectBottom="7195" ActiveRectLeft="0" ActiveRectTop="0" ActiveRectRight="0" ActiveRectBottom="0" EventPointX="0" EventPointY="0" event="none" duration="0.2" anchorpointX="486" anchorpointY="782" />
    <Frame RenderRectLeft="1128" RenderRectTop="6318" RenderRectRight="2169" RenderRectBottom="7191" CollisionRectLeft="1128" CollisionRectTop="6877" CollisionRectRight="2169" CollisionRectBottom="7191" ActiveRectLeft="0" ActiveRectTop="0" ActiveRectRight="0" ActiveRectBottom="0" EventPointX="0" EventPointY="0" event="none" duration="0.2" anchorpointX="488" anchorpointY="777" />
    <Frame RenderRectLeft="2209" RenderRectTop="6348" RenderRectRight="3250" RenderRectBottom="7197" CollisionRectLeft="2209" CollisionRectTop="6887" CollisionRectRight="3250" CollisionRectBottom="7197" ActiveRectLeft="0" ActiveRectTop="0" ActiveRectRight="0" ActiveRectBottom="0" EventPointX="0" EventPointY="0" event="none" duration="0.2" anchorpointX="488" anchorpointY="756" />
    <Frame RenderRectLeft="3298" RenderRectTop="6378" RenderRectRight="4341" RenderRectBottom="7201" CollisionRectLeft="3298" CollisionRectTop="6887" CollisionRectRight="4341" CollisionRectBottom="7201" ActiveRectLeft="0" ActiveRectTop="0" ActiveRectRight="0" ActiveRectBottom="0" EventPointX="0" EventPointY="0" event="none" duration="0.2" anchorpointX="488" anchorpointY="726" />
    <Frame RenderRectLeft="4412" RenderRectTop="6377" RenderRectRight="5453" RenderRectBottom="7202" CollisionRectLeft="4404" CollisionRectTop="6887" CollisionRectRight="5453" CollisionRectBottom="7202" ActiveRectLeft="0" ActiveRectTop="0" ActiveRectRight="0" ActiveRectBottom="0" EventPointX="0" EventPointY="0" event="none" duration="0.2" anchorpointX="486" anchorpointY="727" />
    <Frame RenderRectLeft="5504" RenderRectTop="6386" RenderRectRight="6540" RenderRectBottom="7202" CollisionRectLeft="5504" CollisionRectTop="6878" CollisionRectRight="6540" CollisionRectBottom="7202" ActiveRectLeft="0" ActiveRectTop="0" ActiveRectRight="0" ActiveRectBottom="0" EventPointX="0" EventPointY="0" event="none" duration="0.2" anchorpointX="484" anchorpointY="708" />
    <Frame RenderRectLeft="29" RenderRectTop="7302" RenderRectRight="1145" RenderRectBottom="8091" CollisionRectLeft="29" CollisionRectTop="7795" CollisionRectRight="1145" CollisionRectBottom="8091" ActiveRectLeft="123" ActiveRectTop="7815" ActiveRectRight="314" ActiveRectBottom="8046" EventPointX="0" EventPointY="0" event="none" duration="0.2" anchorpointX="567" anchorpointY="702" />
    <Frame RenderRectLeft="1286" RenderRectTop="7331" RenderRectRight="2397" RenderRectBottom="8121" CollisionRectLeft="1286" CollisionRectTop="7822" CollisionRectRight="2397" CollisionRectBottom="8121" ActiveRectLeft="1381" ActiveRectTop="7861" ActiveRectRight="1569" ActiveRectBottom="8069" EventPointX="0" EventPointY="0" event="none" duration="0.2" anchorpointX="562" anchorpointY="701" />
    <Frame RenderRectLeft="2515" RenderRectTop="7346" RenderRectRight="3636" RenderRectBottom="8139" CollisionRectLeft="2515" CollisionRectTop="7838" CollisionRectRight="3636" CollisionRectBottom="8139" ActiveRectLeft="2618" ActiveRectTop="7883" ActiveRectRight="2819" ActiveRectBottom="8069" EventPointX="0" EventPointY="0" event="none" duration="0.2" anchorpointX="573" anchorpointY="702" />
    <Frame RenderRectLeft="3707" RenderRectTop="7330" RenderRectRight="4818" RenderRectBottom="8119" CollisionRectLeft="3707" CollisionRectTop="7822" CollisionRectRight="4818" CollisionRectBottom="8119" ActiveRectLeft="3809" ActiveRectTop="7861" ActiveRectRight="4008" ActiveRectBottom="8048" EventPointX="0" EventPointY="0" event="none" duration="0.2" anchorpointX="562" anchorpointY="702" />
    <Frame RenderRectLeft="5049" RenderRectTop="7277" RenderRectRight="6132" RenderRectBottom="8070" CollisionRectLeft="5049" CollisionRectTop="7770" CollisionRectRight="6132" CollisionRectBottom="8070" ActiveRectLeft="5104" ActiveRectTop="7794" ActiveRectRight="5306" ActiveRectBottom="8009" EventPointX="0" EventPointY="0" event="none" duration="0.2" anchorpointX="534" anchorpointY="703" />
  </Animation>
  <Animation name="Clang Right Slam" spritesheet="KingClang.png" looping="0">
    <Frame RenderRectLeft="49" RenderRectTop="4339" RenderRectRight="1084" RenderRectBottom="5223" CollisionRectLeft="49" CollisionRectTop="4902" CollisionRectRight="1084" CollisionRectBottom="5223" ActiveRectLeft="0" ActiveRectTop="0" ActiveRectRight="0" ActiveRectBottom="0" EventPointX="0" EventPointY="0" event="none" duration="0.2" anchorpointX="485" anchorpointY="782" />
    <Frame RenderRectLeft="1123" RenderRectTop="4347" RenderRectRight="2160" RenderRectBottom="5223" CollisionRectLeft="1123" CollisionRectTop="4907" CollisionRectRight="2160" CollisionRectBottom="5223" ActiveRectLeft="0" ActiveRectTop="0" ActiveRectRight="0" ActiveRectBottom="0" EventPointX="0" EventPointY="0" event="none" duration="0.2" anchorpointX="486" anchorpointY="778" />
    <Frame RenderRectLeft="2207" RenderRectTop="4380" RenderRectRight="3240" RenderRectBottom="5226" CollisionRectLeft="2207" CollisionRectTop="4917" CollisionRectRight="3240" CollisionRectBottom="5226" ActiveRectLeft="0" ActiveRectTop="0" ActiveRectRight="0" ActiveRectBottom="0" EventPointX="0" EventPointY="0" event="none" duration="0.2" anchorpointX="483" anchorpointY="754" />
    <Frame RenderRectLeft="3297" RenderRectTop="4409" RenderRectRight="4329" RenderRectBottom="5231" CollisionRectLeft="3297" CollisionRectTop="4917" CollisionRectRight="4329" CollisionRectBottom="5231" ActiveRectLeft="0" ActiveRectTop="0" ActiveRectRight="0" ActiveRectBottom="0" EventPointX="0" EventPointY="0" event="none" duration="0.2" anchorpointX="480" anchorpointY="724" />
    <Frame RenderRectLeft="4404" RenderRectTop="4407" RenderRectRight="5442" RenderRectBottom="5230" CollisionRectLeft="4404" CollisionRectTop="4917" CollisionRectRight="5442" CollisionRectBottom="5230" ActiveRectLeft="0" ActiveRectTop="0" ActiveRectRight="0" ActiveRectBottom="0" EventPointX="0" EventPointY="0" event="none" duration="0.2" anchorpointX="485" anchorpointY="726" />
    <Frame RenderRectLeft="5498" RenderRectTop="4416" RenderRectRight="6531" RenderRectBottom="5232" CollisionRectLeft="5498" CollisionRectTop="4907" CollisionRectRight="6531" CollisionRectBottom="5232" ActiveRectLeft="0" ActiveRectTop="0" ActiveRectRight="0" ActiveRectBottom="0" EventPointX="0" EventPointY="0" event="none" duration="0.2" anchorpointX="483" anchorpointY="708" />
    <Frame RenderRectLeft="36" RenderRectTop="5384" RenderRectRight="1130" RenderRectBottom="6179" CollisionRectLeft="36" CollisionRectTop="5876" CollisionRectRight="1130" CollisionRectBottom="6179" ActiveRectLeft="845" ActiveRectTop="5928" ActiveRectRight="1016" ActiveRectBottom="6134" EventPointX="0" EventPointY="0" event="none" duration="0.2" anchorpointX="487" anchorpointY="704" />
    <Frame RenderRectLeft="1279" RenderRectTop="5384" RenderRectRight="2366" RenderRectBottom="6170" CollisionRectLeft="1279" CollisionRectTop="5875" CollisionRectRight="2366" CollisionRectBottom="6170" ActiveRectLeft="2070" ActiveRectTop="5915" ActiveRectRight="2243" ActiveRectBottom="6138" EventPointX="0" EventPointY="0" event="none" duration="0.2" anchorpointX="482" anchorpointY="704" />
    <Frame RenderRectLeft="2490" RenderRectTop="5400" RenderRectRight="3602" RenderRectBottom="6188" CollisionRectLeft="2490" CollisionRectTop="5891" CollisionRectRight="3602" CollisionRectBottom="6188" ActiveRectLeft="3285" ActiveRectTop="5928" ActiveRectRight="3455" ActiveRectBottom="6123" EventPointX="0" EventPointY="0" event="none" duration="0.2" anchorpointX="481" anchorpointY="704" />
    <Frame RenderRectLeft="3693" RenderRectTop="5388" RenderRectRight="4751" RenderRectBottom="6174" CollisionRectLeft="3693" CollisionRectTop="5879" CollisionRectRight="4751" CollisionRectBottom="6174" ActiveRectLeft="4485" ActiveRectTop="5909" ActiveRectRight="4655" ActiveRectBottom="6098" EventPointX="0" EventPointY="0" event="none" duration="0.2" anchorpointX="481" anchorpointY="704" />
    <Frame RenderRectLeft="4881" RenderRectTop="5376" RenderRectRight="5880" RenderRectBottom="6164" CollisionRectLeft="4881" CollisionRectTop="5867" CollisionRectRight="5880" CollisionRectBottom="6164" ActiveRectLeft="5688" ActiveRectTop="5885" ActiveRectRight="5865" ActiveRectBottom="6104" EventPointX="0" EventPointY="0" event="none" duration="0.2" anchorpointX="480" anchorpointY="704" />
  </Animation>
  <Animation name="Clang Swipe" spritesheet="KingClang.png" looping="0">
    <Frame RenderRectLeft="46" RenderRectTop="1082" RenderRectRight="1124" RenderRectBottom="1970" CollisionRectLeft="46" CollisionRectTop="1647" CollisionRectRight="1124" CollisionRectBottom="1970" ActiveRectLeft="100" ActiveRectTop="1714" ActiveRectRight="204" ActiveRectBottom="1924" EventPointX="0" EventPointY="0" event="none" duration="0.2" anchorpointX="481" anchorpointY="783" />
    <Frame RenderRectLeft="1241" RenderRectTop="2070" RenderRectRight="2348" RenderRectBottom="2955" CollisionRectLeft="1241" CollisionRectTop="2635" CollisionRectRight="2348" CollisionRectBottom="2955" ActiveRectLeft="2182" ActiveRectTop="2667" ActiveRectRight="2277" ActiveRectBottom="2881" EventPointX="0" EventPointY="0" event="none" duration="0.2" anchorpointX="488" anchorpointY="783" />
    <Frame RenderRectLeft="54" RenderRectTop="2082" RenderRectRight="1184" RenderRectBottom="2969" CollisionRectLeft="54" CollisionRectTop="2648" CollisionRectRight="1184" CollisionRectBottom="2969" ActiveRectLeft="117" ActiveRectTop="2662" ActiveRectRight="220" ActiveRectBottom="2886" EventPointX="0" EventPointY="0" event="none" duration="0.2" anchorpointX="505" anchorpointY="785" />
    <Frame RenderRectLeft="6013" RenderRectTop="1111" RenderRectRight="7147" RenderRectBottom="1998" CollisionRectLeft="6013" CollisionRectTop="1678" CollisionRectRight="7147" CollisionRectBottom="1998" ActiveRectLeft="6978" ActiveRectTop="1655" ActiveRectRight="7100" ActiveRectBottom="1851" EventPointX="0" EventPointY="0" event="none" duration="0.2" anchorpointX="512" anchorpointY="785" />
    <Frame RenderRectLeft="4806" RenderRectTop="1140" RenderRectRight="5937" RenderRectBottom="2026" CollisionRectLeft="4806" CollisionRectTop="1707" CollisionRectRight="5937" CollisionRectBottom="2026" ActiveRectLeft="5754" ActiveRectTop="1654" ActiveRectRight="5878" ActiveRectBottom="1833" EventPointX="0" EventPointY="0" event="none" duration="0.2" anchorpointX="513" anchorpointY="785" />
    <Frame RenderRectLeft="6013" RenderRectTop="1111" RenderRectRight="7147" RenderRectBottom="1998" CollisionRectLeft="6013" CollisionRectTop="1678" CollisionRectRight="7147" CollisionRectBottom="1998" ActiveRectLeft="6993" ActiveRectTop="1661" ActiveRectRight="7105" ActiveRectBottom="1861" EventPointX="0" EventPointY="0" event="none" duration="0.2" anchorpointX="512" anchorpointY="785" />
    <Frame RenderRectLeft="54" RenderRectTop="2082" RenderRectRight="1184" RenderRectBottom="2969" CollisionRectLeft="54" CollisionRectTop="2649" CollisionRectRight="1184" CollisionRectBottom="2969" ActiveRectLeft="111" ActiveRectTop="2663" ActiveRectRight="224" ActiveRectBottom="2885" EventPointX="0" EventPointY="0" event="none" duration="0.2" anchorpointX="505" anchorpointY="785" />
    <Frame RenderRectLeft="1241" RenderRectTop="2070" RenderRectRight="2348" RenderRectBottom="2955" CollisionRectLeft="1241" CollisionRectTop="2635" CollisionRectRight="2348" CollisionRectBottom="2955" ActiveRectLeft="2188" ActiveRectTop="2672" ActiveRectRight="2285" ActiveRectBottom="2879" EventPointX="0" EventPointY="0" event="none" duration="0.2" anchorpointX="488" anchorpointY="783" />
    <Frame RenderRectLeft="46" RenderRectTop="1082" RenderRectRight="1124" RenderRectBottom="1970" CollisionRectLeft="46" CollisionRectTop="1648" CollisionRectRight="1124" CollisionRectBottom="1970" ActiveRectLeft="105" ActiveRectTop="1722" ActiveRectRight="232" ActiveRectBottom="1915" EventPointX="0" EventPointY="0" event="none" duration="0.2" anchorpointX="481" anchorpointY="783" />
    <Frame RenderRectLeft="3555" RenderRectTop="2070" RenderRectRight="4606" RenderRectBottom="2985" CollisionRectLeft="3555" CollisionRectTop="2635" CollisionRectRight="4606" CollisionRectBottom="2985" ActiveRectLeft="4443" ActiveRectTop="2722" ActiveRectRight="4550" ActiveRectBottom="2918" EventPointX="0" EventPointY="0" event="none" duration="0.2" anchorpointX="478" anchorpointY="784" />
    <Frame RenderRectLeft="4683" RenderRectTop="2094" RenderRectRight="5724" RenderRectBottom="3012" CollisionRectLeft="4683" CollisionRectTop="2659" CollisionRectRight="5724" CollisionRectBottom="3012" ActiveRectLeft="4756" ActiveRectTop="2789" ActiveRectRight="4869" ActiveRectBottom="2950" EventPointX="0" EventPointY="0" event="none" duration="0.2" anchorpointX="462" anchorpointY="783" />
    <Frame RenderRectLeft="5905" RenderRectTop="2077" RenderRectRight="6903" RenderRectBottom="3013" CollisionRectLeft="5905" CollisionRectTop="2643" CollisionRectRight="6903" CollisionRectBottom="3013" ActiveRectLeft="6745" ActiveRectTop="2755" ActiveRectRight="6841" ActiveRectBottom="2945" EventPointX="0" EventPointY="0" event="none" duration="0.2" anchorpointX="444" anchorpointY="784" />
    <Frame RenderRectLeft="148" RenderRectTop="3138" RenderRectRight="1090" RenderRectBottom="4070" CollisionRectLeft="148" CollisionRectTop="3702" CollisionRectRight="1090" CollisionRectBottom="4070" ActiveRectLeft="219" ActiveRectTop="3865" ActiveRectRight="407" ActiveRectBottom="3984" EventPointX="0" EventPointY="0" event="none" duration="0.2" anchorpointX="415" anchorpointY="782" />
    <Frame RenderRectLeft="1249" RenderRectTop="3164" RenderRectRight="2116" RenderRectBottom="4090" CollisionRectLeft="1249" CollisionRectTop="3730" CollisionRectRight="2116" CollisionRectBottom="4090" ActiveRectLeft="1929" ActiveRectTop="3893" ActiveRectRight="2078" ActiveRectBottom="4056" EventPointX="0" EventPointY="0" event="none" duration="0.2" anchorpointX="394" anchorpointY="784" />
    <Frame RenderRectLeft="2329" RenderRectTop="3174" RenderRectRight="3154" RenderRectBottom="4085" CollisionRectLeft="2329" CollisionRectTop="3740" CollisionRectRight="3154" CollisionRectBottom="4085" ActiveRectLeft="2382" ActiveRectTop="3870" ActiveRectRight="2597" ActiveRectBottom="3995" EventPointX="0" EventPointY="0" event="none" duration="0.2" anchorpointX="389" anchorpointY="783" />
    <Frame RenderRectLeft="3441" RenderRectTop="3156" RenderRectRight="4250" RenderRectBottom="4053" CollisionRectLeft="3441" CollisionRectTop="3720" CollisionRectRight="4250" CollisionRectBottom="4053" ActiveRectLeft="3615" ActiveRectTop="3856" ActiveRectRight="4060" ActiveRectBottom="3997" EventPointX="0" EventPointY="0" event="none" duration="0.2" anchorpointX="382" anchorpointY="781" />
  </Animation>
  <Animation name="Clang Hurt" spritesheet="KingClang.png" looping="0">
    <Frame RenderRectLeft="1411" RenderRectTop="93" RenderRectRight="2566" RenderRectBottom="977" CollisionRectLeft="1706" CollisionRectTop="659" CollisionRectRight="2292" CollisionRectBottom="977" ActiveRectLeft="0" ActiveRectTop="0" ActiveRectRight="0" ActiveRectBottom="0" EventPointX="0" EventPointY="0" event="none" duration="0" anchorpointX="564" anchorpointY="783" />
  </Animation>
</Animations>