﻿<?xml version="1.0" encoding="utf-8"?>
<Animations Character="MutantBat">
  <Animation name="Flying" spritesheet="MutantBat.png" looping="1">
    <Frame RenderRectLeft="1" RenderRectTop="1" RenderRectRight="49" RenderRectBottom="61" CollisionRectLeft="0" CollisionRectTop="0" CollisionRectRight="0" CollisionRectBottom="0" ActiveRectLeft="0" ActiveRectTop="0" ActiveRectRight="0" ActiveRectBottom="0" EventPointX="0" EventPointY="0" event="none" duration="0.2" anchorpointX="18" anchorpointY="16" />
    <Frame RenderRectLeft="49" RenderRectTop="15" RenderRectRight="116" RenderRectBottom="62" CollisionRectLeft="0" CollisionRectTop="0" CollisionRectRight="0" CollisionRectBottom="0" ActiveRectLeft="0" ActiveRectTop="0" ActiveRectRight="0" ActiveRectBottom="0" EventPointX="0" EventPointY="0" event="none" duration="0.2" anchorpointX="24" anchorpointY="26" />
    <Frame RenderRectLeft="115" RenderRectTop="1" RenderRectRight="217" RenderRectBottom="69" CollisionRectLeft="0" CollisionRectTop="0" CollisionRectRight="0" CollisionRectBottom="0" ActiveRectLeft="0" ActiveRectTop="0" ActiveRectRight="0" ActiveRectBottom="0" EventPointX="0" EventPointY="0" event="none" duration="0.2" anchorpointX="34" anchorpointY="43" />
  </Animation>
  <Animation name="Pooping" spritesheet="MutantBat.png" looping="1">
    <Frame RenderRectLeft="2" RenderRectTop="62" RenderRectRight="74" RenderRectBottom="157" CollisionRectLeft="0" CollisionRectTop="0" CollisionRectRight="0" CollisionRectBottom="0" ActiveRectLeft="0" ActiveRectTop="0" ActiveRectRight="0" ActiveRectBottom="0" EventPointX="0" EventPointY="0" event="none" duration="0.2" anchorpointX="23" anchorpointY="75" />
  </Animation>
  <Animation name="Dieing" spritesheet="MutantBat.png" looping="1">
    <Frame RenderRectLeft="0" RenderRectTop="159" RenderRectRight="67" RenderRectBottom="250" CollisionRectLeft="0" CollisionRectTop="0" CollisionRectRight="0" CollisionRectBottom="0" ActiveRectLeft="0" ActiveRectTop="0" ActiveRectRight="0" ActiveRectBottom="0" EventPointX="0" EventPointY="0" event="none" duration="0.2" anchorpointX="25" anchorpointY="72" />
    <Frame RenderRectLeft="68" RenderRectTop="170" RenderRectRight="115" RenderRectBottom="246" CollisionRectLeft="0" CollisionRectTop="0" CollisionRectRight="0" CollisionRectBottom="0" ActiveRectLeft="0" ActiveRectTop="0" ActiveRectRight="0" ActiveRectBottom="0" EventPointX="0" EventPointY="0" event="none" duration="0.2" anchorpointX="12" anchorpointY="63" />
    <Frame RenderRectLeft="116" RenderRectTop="167" RenderRectRight="166" RenderRectBottom="247" CollisionRectLeft="0" CollisionRectTop="0" CollisionRectRight="0" CollisionRectBottom="0" ActiveRectLeft="0" ActiveRectTop="0" ActiveRectRight="0" ActiveRectBottom="0" EventPointX="0" EventPointY="0" event="none" duration="0.2" anchorpointX="13" anchorpointY="66" />
    <Frame RenderRectLeft="166" RenderRectTop="167" RenderRectRight="215" RenderRectBottom="249" CollisionRectLeft="0" CollisionRectTop="0" CollisionRectRight="0" CollisionRectBottom="0" ActiveRectLeft="0" ActiveRectTop="0" ActiveRectRight="0" ActiveRectBottom="0" EventPointX="0" EventPointY="0" event="none" duration="0.2" anchorpointX="13" anchorpointY="66" />
    <Frame RenderRectLeft="216" RenderRectTop="164" RenderRectRight="263" RenderRectBottom="249" CollisionRectLeft="0" CollisionRectTop="0" CollisionRectRight="0" CollisionRectBottom="0" ActiveRectLeft="0" ActiveRectTop="0" ActiveRectRight="0" ActiveRectBottom="0" EventPointX="0" EventPointY="0" event="none" duration="0.2" anchorpointX="11" anchorpointY="68" />
    <Frame RenderRectLeft="263" RenderRectTop="164" RenderRectRight="311" RenderRectBottom="248" CollisionRectLeft="0" CollisionRectTop="0" CollisionRectRight="0" CollisionRectBottom="0" ActiveRectLeft="0" ActiveRectTop="0" ActiveRectRight="0" ActiveRectBottom="0" EventPointX="0" EventPointY="0" event="none" duration="0.2" anchorpointX="13" anchorpointY="67" />
    <Frame RenderRectLeft="312" RenderRectTop="168" RenderRectRight="360" RenderRectBottom="246" CollisionRectLeft="0" CollisionRectTop="0" CollisionRectRight="0" CollisionRectBottom="0" ActiveRectLeft="0" ActiveRectTop="0" ActiveRectRight="0" ActiveRectBottom="0" EventPointX="0" EventPointY="0" event="none" duration="0.2" anchorpointX="12" anchorpointY="64" />
    <Frame RenderRectLeft="361" RenderRectTop="157" RenderRectRight="408" RenderRectBottom="246" CollisionRectLeft="0" CollisionRectTop="0" CollisionRectRight="0" CollisionRectBottom="0" ActiveRectLeft="0" ActiveRectTop="0" ActiveRectRight="0" ActiveRectBottom="0" EventPointX="0" EventPointY="0" event="none" duration="0.2" anchorpointX="11" anchorpointY="74" />
    <Frame RenderRectLeft="408" RenderRectTop="142" RenderRectRight="457" RenderRectBottom="247" CollisionRectLeft="0" CollisionRectTop="0" CollisionRectRight="0" CollisionRectBottom="0" ActiveRectLeft="0" ActiveRectTop="0" ActiveRectRight="0" ActiveRectBottom="0" EventPointX="0" EventPointY="0" event="none" duration="0.2" anchorpointX="14" anchorpointY="89" />
    <Frame RenderRectLeft="460" RenderRectTop="126" RenderRectRight="507" RenderRectBottom="244" CollisionRectLeft="0" CollisionRectTop="0" CollisionRectRight="0" CollisionRectBottom="0" ActiveRectLeft="0" ActiveRectTop="0" ActiveRectRight="0" ActiveRectBottom="0" EventPointX="0" EventPointY="0" event="none" duration="0.2" anchorpointX="12" anchorpointY="106" />
  </Animation>
</Animations>