﻿<?xml version="1.0" encoding="utf-8"?>
<Animations Character="Pendulum">
  <Animation name="pendulum swing" spritesheet="Pendulum.png" looping="1">
    <Frame RenderRectLeft="27" RenderRectTop="30" RenderRectRight="149" RenderRectBottom="109" CollisionRectLeft="0" CollisionRectTop="0" CollisionRectRight="0" CollisionRectBottom="0" ActiveRectLeft="27" ActiveRectTop="30" ActiveRectRight="73" ActiveRectBottom="109" EventPointX="0" EventPointY="0" event="none" duration="0.5" anchorpointX="114" anchorpointY="39" />
    <Frame RenderRectLeft="194" RenderRectTop="43" RenderRectRight="311" RenderRectBottom="118" CollisionRectLeft="0" CollisionRectTop="0" CollisionRectRight="0" CollisionRectBottom="0" ActiveRectLeft="194" ActiveRectTop="43" ActiveRectRight="248" ActiveRectBottom="118" EventPointX="0" EventPointY="0" event="none" duration="0.4" anchorpointX="110" anchorpointY="6" />
    <Frame RenderRectLeft="354" RenderRectTop="32" RenderRectRight="455" RenderRectBottom="132" CollisionRectLeft="0" CollisionRectTop="0" CollisionRectRight="0" CollisionRectBottom="0" ActiveRectLeft="354" ActiveRectTop="66" ActiveRectRight="420" ActiveRectBottom="132" EventPointX="0" EventPointY="0" event="none" duration="0.3" anchorpointX="92" anchorpointY="6" />
    <Frame RenderRectLeft="27" RenderRectTop="171" RenderRectRight="103" RenderRectBottom="287" CollisionRectLeft="0" CollisionRectTop="0" CollisionRectRight="0" CollisionRectBottom="0" ActiveRectLeft="27" ActiveRectTop="235" ActiveRectRight="103" ActiveRectBottom="287" EventPointX="0" EventPointY="0" event="none" duration="0.2" anchorpointX="68" anchorpointY="6" />
    <Frame RenderRectLeft="161" RenderRectTop="159" RenderRectRight="240" RenderRectBottom="281" CollisionRectLeft="0" CollisionRectTop="0" CollisionRectRight="0" CollisionRectBottom="0" ActiveRectLeft="161" ActiveRectTop="238" ActiveRectRight="240" ActiveRectBottom="281" EventPointX="0" EventPointY="0" event="none" duration="0.1" anchorpointX="39" anchorpointY="6" />
    <Frame RenderRectLeft="337" RenderRectTop="168" RenderRectRight="412" RenderRectBottom="285" CollisionRectLeft="0" CollisionRectTop="0" CollisionRectRight="0" CollisionRectBottom="0" ActiveRectLeft="337" ActiveRectTop="232" ActiveRectRight="412" ActiveRectBottom="285" EventPointX="0" EventPointY="0" event="none" duration="0.2" anchorpointX="6" anchorpointY="6" />
    <Frame RenderRectLeft="42" RenderRectTop="343" RenderRectRight="142" RenderRectBottom="443" CollisionRectLeft="0" CollisionRectTop="0" CollisionRectRight="0" CollisionRectBottom="0" ActiveRectLeft="77" ActiveRectTop="377" ActiveRectRight="142" ActiveRectBottom="443" EventPointX="0" EventPointY="0" event="none" duration="0.3" anchorpointX="7" anchorpointY="5" />
    <Frame RenderRectLeft="206" RenderRectTop="359" RenderRectRight="322" RenderRectBottom="434" CollisionRectLeft="0" CollisionRectTop="0" CollisionRectRight="0" CollisionRectBottom="0" ActiveRectLeft="270" ActiveRectTop="359" ActiveRectRight="322" ActiveRectBottom="434" EventPointX="0" EventPointY="0" event="none" duration="0.4" anchorpointX="7" anchorpointY="6" />
    <Frame RenderRectLeft="363" RenderRectTop="359" RenderRectRight="484" RenderRectBottom="437" CollisionRectLeft="0" CollisionRectTop="0" CollisionRectRight="0" CollisionRectBottom="0" ActiveRectLeft="442" ActiveRectTop="359" ActiveRectRight="484" ActiveRectBottom="437" EventPointX="0" EventPointY="0" event="none" duration="0.5" anchorpointX="6" anchorpointY="38" />
    <Frame RenderRectLeft="206" RenderRectTop="359" RenderRectRight="322" RenderRectBottom="434" CollisionRectLeft="0" CollisionRectTop="0" CollisionRectRight="0" CollisionRectBottom="0" ActiveRectLeft="270" ActiveRectTop="359" ActiveRectRight="322" ActiveRectBottom="434" EventPointX="0" EventPointY="0" event="none" duration="0.4" anchorpointX="7" anchorpointY="6" />
    <Frame RenderRectLeft="42" RenderRectTop="343" RenderRectRight="142" RenderRectBottom="443" CollisionRectLeft="0" CollisionRectTop="0" CollisionRectRight="0" CollisionRectBottom="0" ActiveRectLeft="77" ActiveRectTop="377" ActiveRectRight="142" ActiveRectBottom="443" EventPointX="0" EventPointY="0" event="none" duration="0.3" anchorpointX="7" anchorpointY="5" />
    <Frame RenderRectLeft="337" RenderRectTop="168" RenderRectRight="412" RenderRectBottom="285" CollisionRectLeft="0" CollisionRectTop="0" CollisionRectRight="0" CollisionRectBottom="0" ActiveRectLeft="337" ActiveRectTop="232" ActiveRectRight="412" ActiveRectBottom="285" EventPointX="0" EventPointY="0" event="none" duration="0.2" anchorpointX="6" anchorpointY="6" />
    <Frame RenderRectLeft="161" RenderRectTop="159" RenderRectRight="240" RenderRectBottom="281" CollisionRectLeft="0" CollisionRectTop="0" CollisionRectRight="0" CollisionRectBottom="0" ActiveRectLeft="161" ActiveRectTop="238" ActiveRectRight="240" ActiveRectBottom="281" EventPointX="0" EventPointY="0" event="none" duration="0.1" anchorpointX="39" anchorpointY="6" />
    <Frame RenderRectLeft="27" RenderRectTop="171" RenderRectRight="103" RenderRectBottom="287" CollisionRectLeft="0" CollisionRectTop="0" CollisionRectRight="0" CollisionRectBottom="0" ActiveRectLeft="27" ActiveRectTop="235" ActiveRectRight="103" ActiveRectBottom="287" EventPointX="0" EventPointY="0" event="none" duration="0.2" anchorpointX="68" anchorpointY="6" />
    <Frame RenderRectLeft="354" RenderRectTop="32" RenderRectRight="455" RenderRectBottom="132" CollisionRectLeft="0" CollisionRectTop="0" CollisionRectRight="0" CollisionRectBottom="0" ActiveRectLeft="354" ActiveRectTop="66" ActiveRectRight="420" ActiveRectBottom="132" EventPointX="0" EventPointY="0" event="none" duration="0.3" anchorpointX="92" anchorpointY="6" />
    <Frame RenderRectLeft="194" RenderRectTop="43" RenderRectRight="311" RenderRectBottom="118" CollisionRectLeft="0" CollisionRectTop="0" CollisionRectRight="0" CollisionRectBottom="0" ActiveRectLeft="194" ActiveRectTop="43" ActiveRectRight="248" ActiveRectBottom="118" EventPointX="0" EventPointY="0" event="none" duration="0.4" anchorpointX="110" anchorpointY="6" />
    <Frame RenderRectLeft="27" RenderRectTop="30" RenderRectRight="149" RenderRectBottom="109" CollisionRectLeft="0" CollisionRectTop="0" CollisionRectRight="0" CollisionRectBottom="0" ActiveRectLeft="27" ActiveRectTop="30" ActiveRectRight="73" ActiveRectBottom="109" EventPointX="0" EventPointY="0" event="none" duration="0.5" anchorpointX="114" anchorpointY="39" />
  </Animation>
</Animations>