﻿<?xml version="1.0" encoding="utf-8"?>
<Animations Character="Player">
  <Animation name="Jump" spritesheet="Charbeach_beard.png" looping="1">
    <Frame RenderRectLeft="1" RenderRectTop="0" RenderRectRight="61" RenderRectBottom="80" CollisionRectLeft="17" CollisionRectTop="13" CollisionRectRight="44" CollisionRectBottom="70" ActiveRectLeft="0" ActiveRectTop="0" ActiveRectRight="0" ActiveRectBottom="0" EventPointX="0" EventPointY="0" event="none" duration="0" anchorpointX="31" anchorpointY="72" />
  </Animation>
  <Animation name="Idle" spritesheet="Charbeach_beard.png" looping="1">
    <Frame RenderRectLeft="64" RenderRectTop="0" RenderRectRight="124" RenderRectBottom="80" CollisionRectLeft="82" CollisionRectTop="10" CollisionRectRight="102" CollisionRectBottom="75" ActiveRectLeft="0" ActiveRectTop="0" ActiveRectRight="0" ActiveRectBottom="0" EventPointX="0" EventPointY="0" event="none" duration="0.4" anchorpointX="28" anchorpointY="72" />
    <Frame RenderRectLeft="127" RenderRectTop="1" RenderRectRight="187" RenderRectBottom="79" CollisionRectLeft="147" CollisionRectTop="9" CollisionRectRight="164" CollisionRectBottom="74" ActiveRectLeft="0" ActiveRectTop="0" ActiveRectRight="0" ActiveRectBottom="0" EventPointX="0" EventPointY="0" event="none" duration="0.4" anchorpointX="27" anchorpointY="71" />
    <Frame RenderRectLeft="187" RenderRectTop="1" RenderRectRight="247" RenderRectBottom="79" CollisionRectLeft="205" CollisionRectTop="14" CollisionRectRight="232" CollisionRectBottom="76" ActiveRectLeft="0" ActiveRectTop="0" ActiveRectRight="0" ActiveRectBottom="0" EventPointX="0" EventPointY="0" event="none" duration="0.4" anchorpointX="30" anchorpointY="71" />
    <Frame RenderRectLeft="247" RenderRectTop="2" RenderRectRight="312" RenderRectBottom="79" CollisionRectLeft="267" CollisionRectTop="14" CollisionRectRight="292" CollisionRectBottom="76" ActiveRectLeft="0" ActiveRectTop="0" ActiveRectRight="0" ActiveRectBottom="0" EventPointX="0" EventPointY="0" event="none" duration="0.4" anchorpointX="31" anchorpointY="70" />
    <Frame RenderRectLeft="312" RenderRectTop="2" RenderRectRight="372" RenderRectBottom="79" CollisionRectLeft="330" CollisionRectTop="14" CollisionRectRight="354" CollisionRectBottom="74" ActiveRectLeft="0" ActiveRectTop="0" ActiveRectRight="0" ActiveRectBottom="0" EventPointX="0" EventPointY="0" event="none" duration="0.4" anchorpointX="28" anchorpointY="70" />
  </Animation>
  <Animation name="Walking" spritesheet="Charbeach_beard.png" looping="1">
    <Frame RenderRectLeft="193" RenderRectTop="197" RenderRectRight="256" RenderRectBottom="279" CollisionRectLeft="213" CollisionRectTop="210" CollisionRectRight="236" CollisionRectBottom="272" ActiveRectLeft="0" ActiveRectTop="0" ActiveRectRight="0" ActiveRectBottom="0" EventPointX="0" EventPointY="0" event="none" duration="0.18" anchorpointX="28" anchorpointY="72" />
    <Frame RenderRectLeft="256" RenderRectTop="195" RenderRectRight="316" RenderRectBottom="282" CollisionRectLeft="274" CollisionRectTop="207" CollisionRectRight="298" CollisionRectBottom="272" ActiveRectLeft="0" ActiveRectTop="0" ActiveRectRight="0" ActiveRectBottom="0" EventPointX="0" EventPointY="0" event="none" duration="0.18" anchorpointX="27" anchorpointY="74" />
    <Frame RenderRectLeft="316" RenderRectTop="197" RenderRectRight="381" RenderRectBottom="277" CollisionRectLeft="336" CollisionRectTop="204" CollisionRectRight="361" CollisionRectBottom="272" ActiveRectLeft="0" ActiveRectTop="0" ActiveRectRight="0" ActiveRectBottom="0" EventPointX="0" EventPointY="0" event="none" duration="0.18" anchorpointX="29" anchorpointY="72" />
    <Frame RenderRectLeft="380" RenderRectTop="192" RenderRectRight="452" RenderRectBottom="277" CollisionRectLeft="400" CollisionRectTop="217" CollisionRectRight="422" CollisionRectBottom="270" ActiveRectLeft="0" ActiveRectTop="0" ActiveRectRight="0" ActiveRectBottom="0" EventPointX="0" EventPointY="0" event="none" duration="0.18" anchorpointX="27" anchorpointY="77" />
  </Animation>
  <Animation name="dashing" spritesheet="Charbeach_beard.png" looping="0">
    <Frame RenderRectLeft="372" RenderRectTop="1" RenderRectRight="462" RenderRectBottom="78" CollisionRectLeft="389" CollisionRectTop="13" CollisionRectRight="412" CollisionRectBottom="70" ActiveRectLeft="0" ActiveRectTop="0" ActiveRectRight="0" ActiveRectBottom="0" EventPointX="0" EventPointY="0" event="none" duration="0" anchorpointX="35" anchorpointY="67" />
  </Animation>
  <Animation name="Swing Attack" spritesheet="Charbeach_beard.png" looping="0">
    <Frame RenderRectLeft="347" RenderRectTop="84" RenderRectRight="417" RenderRectBottom="174" CollisionRectLeft="365" CollisionRectTop="105" CollisionRectRight="385" CollisionRectBottom="171" ActiveRectLeft="0" ActiveRectTop="0" ActiveRectRight="0" ActiveRectBottom="0" EventPointX="0" EventPointY="0" event="none" duration="0.15" anchorpointX="35" anchorpointY="86" />
    <Frame RenderRectLeft="5" RenderRectTop="197" RenderRectRight="101" RenderRectBottom="270" CollisionRectLeft="73" CollisionRectTop="203" CollisionRectRight="88" CollisionRectBottom="268" ActiveRectLeft="0" ActiveRectTop="0" ActiveRectRight="0" ActiveRectBottom="0" EventPointX="0" EventPointY="0" event="none" duration="0.05" anchorpointX="85" anchorpointY="70" />
    <Frame RenderRectLeft="102" RenderRectTop="192" RenderRectRight="191" RenderRectBottom="269" CollisionRectLeft="116" CollisionRectTop="203" CollisionRectRight="130" CollisionRectBottom="265" ActiveRectLeft="0" ActiveRectTop="0" ActiveRectRight="0" ActiveRectBottom="0" EventPointX="0" EventPointY="0" event="none" duration="0.15" anchorpointX="34" anchorpointY="73" />
  </Animation>
  <Animation name="Slash Attack" spritesheet="Charbeach_beard.png" looping="0">
    <Frame RenderRectLeft="182" RenderRectTop="85" RenderRectRight="240" RenderRectBottom="166" CollisionRectLeft="202" CollisionRectTop="97" CollisionRectRight="217" CollisionRectBottom="163" ActiveRectLeft="0" ActiveRectTop="0" ActiveRectRight="0" ActiveRectBottom="0" EventPointX="0" EventPointY="0" event="none" duration="0.15" anchorpointX="30" anchorpointY="78" />
    <Frame RenderRectLeft="242" RenderRectTop="84" RenderRectRight="289" RenderRectBottom="175" CollisionRectLeft="257" CollisionRectTop="107" CollisionRectRight="277" CollisionRectBottom="172" ActiveRectLeft="0" ActiveRectTop="0" ActiveRectRight="0" ActiveRectBottom="0" EventPointX="0" EventPointY="0" event="none" duration="0.05" anchorpointX="27" anchorpointY="87" />
    <Frame RenderRectLeft="290" RenderRectTop="81" RenderRectRight="346" RenderRectBottom="195" CollisionRectLeft="303" CollisionRectTop="90" CollisionRectRight="318" CollisionRectBottom="151" ActiveRectLeft="0" ActiveRectTop="0" ActiveRectRight="0" ActiveRectBottom="0" EventPointX="0" EventPointY="0" event="none" duration="0.15" anchorpointX="23" anchorpointY="69" />
  </Animation>
</Animations>