﻿<?xml version="1.0" encoding="utf-8"?>
<Animations Character="Skeleton">
  <Animation name="Skeleton_Idle" spritesheet="Skeleton.png" looping="1">
    <Frame RenderRectLeft="13" RenderRectTop="4" RenderRectRight="87" RenderRectBottom="90" CollisionRectLeft="13" CollisionRectTop="4" CollisionRectRight="87" CollisionRectBottom="90" ActiveRectLeft="0" ActiveRectTop="0" ActiveRectRight="0" ActiveRectBottom="0" EventPointX="0" EventPointY="0" event="none" duration="0.1" anchorpointX="42" anchorpointY="86" />
    <Frame RenderRectLeft="110" RenderRectTop="5" RenderRectRight="184" RenderRectBottom="90" CollisionRectLeft="110" CollisionRectTop="5" CollisionRectRight="184" CollisionRectBottom="90" ActiveRectLeft="0" ActiveRectTop="0" ActiveRectRight="0" ActiveRectBottom="0" EventPointX="0" EventPointY="0" event="none" duration="0.1" anchorpointX="42" anchorpointY="85" />
    <Frame RenderRectLeft="212" RenderRectTop="6" RenderRectRight="286" RenderRectBottom="90" CollisionRectLeft="212" CollisionRectTop="6" CollisionRectRight="286" CollisionRectBottom="90" ActiveRectLeft="0" ActiveRectTop="0" ActiveRectRight="0" ActiveRectBottom="0" EventPointX="0" EventPointY="0" event="none" duration="0.1" anchorpointX="42" anchorpointY="84" />
    <Frame RenderRectLeft="310" RenderRectTop="4" RenderRectRight="384" RenderRectBottom="89" CollisionRectLeft="310" CollisionRectTop="4" CollisionRectRight="384" CollisionRectBottom="89" ActiveRectLeft="0" ActiveRectTop="0" ActiveRectRight="0" ActiveRectBottom="0" EventPointX="0" EventPointY="0" event="none" duration="0.1" anchorpointX="42" anchorpointY="85" />
  </Animation>
  <Animation name="Skeleton_Throw" spritesheet="Skeleton.png" looping="0">
    <Frame RenderRectLeft="5" RenderRectTop="336" RenderRectRight="79" RenderRectBottom="421" CollisionRectLeft="5" CollisionRectTop="336" CollisionRectRight="79" CollisionRectBottom="421" ActiveRectLeft="0" ActiveRectTop="0" ActiveRectRight="0" ActiveRectBottom="0" EventPointX="0" EventPointY="0" event="none" duration="0.05" anchorpointX="42" anchorpointY="84" />
    <Frame RenderRectLeft="115" RenderRectTop="337" RenderRectRight="192" RenderRectBottom="421" CollisionRectLeft="115" CollisionRectTop="337" CollisionRectRight="192" CollisionRectBottom="421" ActiveRectLeft="0" ActiveRectTop="0" ActiveRectRight="0" ActiveRectBottom="0" EventPointX="0" EventPointY="0" event="none" duration="0.05" anchorpointX="45" anchorpointY="83" />
    <Frame RenderRectLeft="221" RenderRectTop="336" RenderRectRight="295" RenderRectBottom="421" CollisionRectLeft="221" CollisionRectTop="336" CollisionRectRight="295" CollisionRectBottom="421" ActiveRectLeft="0" ActiveRectTop="0" ActiveRectRight="0" ActiveRectBottom="0" EventPointX="0" EventPointY="0" event="none" duration="0.1" anchorpointX="42" anchorpointY="84" />
    <Frame RenderRectLeft="315" RenderRectTop="335" RenderRectRight="389" RenderRectBottom="421" CollisionRectLeft="315" CollisionRectTop="335" CollisionRectRight="389" CollisionRectBottom="421" ActiveRectLeft="0" ActiveRectTop="0" ActiveRectRight="0" ActiveRectBottom="0" EventPointX="0" EventPointY="0" event="none" duration="0.1" anchorpointX="42" anchorpointY="85" />
  </Animation>
  <Animation name="Skeleton_Death" spritesheet="Skeleton.png" looping="0">
    <Frame RenderRectLeft="14" RenderRectTop="593" RenderRectRight="88" RenderRectBottom="679" CollisionRectLeft="14" CollisionRectTop="593" CollisionRectRight="88" CollisionRectBottom="679" ActiveRectLeft="0" ActiveRectTop="0" ActiveRectRight="0" ActiveRectBottom="0" EventPointX="0" EventPointY="0.1" event="none" duration="0" anchorpointX="43" anchorpointY="85" />
    <Frame RenderRectLeft="109" RenderRectTop="611" RenderRectRight="185" RenderRectBottom="679" CollisionRectLeft="109" CollisionRectTop="611" CollisionRectRight="185" CollisionRectBottom="674" ActiveRectLeft="0" ActiveRectTop="0" ActiveRectRight="0" ActiveRectBottom="0" EventPointX="0" EventPointY="0.1" event="none" duration="0" anchorpointX="43" anchorpointY="62" />
    <Frame RenderRectLeft="204" RenderRectTop="619" RenderRectRight="280" RenderRectBottom="679" CollisionRectLeft="204" CollisionRectTop="619" CollisionRectRight="280" CollisionRectBottom="671" ActiveRectLeft="0" ActiveRectTop="0" ActiveRectRight="0" ActiveRectBottom="0" EventPointX="0" EventPointY="0.1" event="none" duration="0" anchorpointX="44" anchorpointY="51" />
  </Animation>
</Animations>