﻿<?xml version="1.0" encoding="utf-8"?>
<Animations Character="Skeleton">
  <Animation name="Walking" spritesheet="Skeleton.png" looping="1">
    <Frame RenderRectLeft="4" RenderRectTop="176" RenderRectRight="74" RenderRectBottom="227" CollisionRectLeft="20" CollisionRectTop="177" CollisionRectRight="50" CollisionRectBottom="226" ActiveRectLeft="0" ActiveRectTop="0" ActiveRectRight="0" ActiveRectBottom="0" EventPointX="8" EventPointY="221" event="dust" duration="0.2" anchorpointX="28" anchorpointY="224" />
    <Frame RenderRectLeft="80" RenderRectTop="169" RenderRectRight="138" RenderRectBottom="227" CollisionRectLeft="93" CollisionRectTop="172" CollisionRectRight="119" CollisionRectBottom="225" ActiveRectLeft="0" ActiveRectTop="0" ActiveRectRight="0" ActiveRectBottom="0" EventPointX="0" EventPointY="0" event="none" duration="0.2" anchorpointX="99" anchorpointY="225" />
    <Frame RenderRectLeft="142" RenderRectTop="169" RenderRectRight="193" RenderRectBottom="227" CollisionRectLeft="153" CollisionRectTop="172" CollisionRectRight="175" CollisionRectBottom="225" ActiveRectLeft="0" ActiveRectTop="0" ActiveRectRight="0" ActiveRectBottom="0" EventPointX="0" EventPointY="0" event="none" duration="0.2" anchorpointX="157" anchorpointY="224" />
    <Frame RenderRectLeft="197" RenderRectTop="172" RenderRectRight="258" RenderRectBottom="229" CollisionRectLeft="215" CollisionRectTop="172" CollisionRectRight="245" CollisionRectBottom="225" ActiveRectLeft="0" ActiveRectTop="0" ActiveRectRight="0" ActiveRectBottom="0" EventPointX="0" EventPointY="0" event="none" duration="0.2" anchorpointX="224" anchorpointY="225" />
    <Frame RenderRectLeft="262" RenderRectTop="168" RenderRectRight="318" RenderRectBottom="230" CollisionRectLeft="274" CollisionRectTop="173" CollisionRectRight="300" CollisionRectBottom="227" ActiveRectLeft="0" ActiveRectTop="0" ActiveRectRight="0" ActiveRectBottom="0" EventPointX="265" EventPointY="216" event="dust" duration="0.2" anchorpointX="280" anchorpointY="223" />
    <Frame RenderRectLeft="325" RenderRectTop="168" RenderRectRight="381" RenderRectBottom="229" CollisionRectLeft="333" CollisionRectTop="171" CollisionRectRight="361" CollisionRectBottom="226" ActiveRectLeft="0" ActiveRectTop="0" ActiveRectRight="0" ActiveRectBottom="0" EventPointX="0" EventPointY="0" event="none" duration="0.2" anchorpointX="340" anchorpointY="223" />
  </Animation>
</Animations>