﻿<?xml version="1.0" encoding="utf-8"?>
<Animations Character="TestBoss">
  <Animation name="Boss Idle" spritesheet="testBoss.png" looping="0">
    <Frame RenderRectLeft="57" RenderRectTop="27" RenderRectRight="448" RenderRectBottom="188" CollisionRectLeft="205" CollisionRectTop="108" CollisionRectRight="299" CollisionRectBottom="188" ActiveRectLeft="0" ActiveRectTop="0" ActiveRectRight="0" ActiveRectBottom="0" EventPointX="0" EventPointY="0" event="none" duration="0" anchorpointX="195" anchorpointY="117" />
  </Animation>
  <Animation name="Boss Left Slam" spritesheet="testBoss.png" looping="0">
    <Frame RenderRectLeft="526" RenderRectTop="35" RenderRectRight="931" RenderRectBottom="201" CollisionRectLeft="526" CollisionRectTop="125" CollisionRectRight="931" CollisionRectBottom="201" ActiveRectLeft="526" ActiveRectTop="52" ActiveRectRight="612" ActiveRectBottom="132" EventPointX="0" EventPointY="0" event="none" duration="0.2" anchorpointX="208" anchorpointY="118" />
    <Frame RenderRectLeft="49" RenderRectTop="208" RenderRectRight="465" RenderRectBottom="380" CollisionRectLeft="49" CollisionRectTop="297" CollisionRectRight="465" CollisionRectBottom="380" ActiveRectLeft="49" ActiveRectTop="227" ActiveRectRight="142" ActiveRectBottom="317" EventPointX="0" EventPointY="0" event="none" duration="0.2" anchorpointX="220" anchorpointY="117" />
    <Frame RenderRectLeft="494" RenderRectTop="229" RenderRectRight="926" RenderRectBottom="410" CollisionRectLeft="494" CollisionRectTop="317" CollisionRectRight="926" CollisionRectBottom="410" ActiveRectLeft="494" ActiveRectTop="268" ActiveRectRight="598" ActiveRectBottom="367" EventPointX="0" EventPointY="0" event="none" duration="0.2" anchorpointX="237" anchorpointY="117" />
    <Frame RenderRectLeft="67" RenderRectTop="394" RenderRectRight="492" RenderRectBottom="582" CollisionRectLeft="67" CollisionRectTop="484" CollisionRectRight="492" CollisionRectBottom="582" ActiveRectLeft="67" ActiveRectTop="464" ActiveRectRight="153" ActiveRectBottom="548" EventPointX="102" EventPointY="512" event="none" duration="0.2" anchorpointX="230" anchorpointY="118" />
    <Frame RenderRectLeft="522" RenderRectTop="416" RenderRectRight="949" RenderRectBottom="635" CollisionRectLeft="522" CollisionRectTop="505" CollisionRectRight="949" CollisionRectBottom="635" ActiveRectLeft="522" ActiveRectTop="536" ActiveRectRight="606" ActiveRectBottom="635" EventPointX="0" EventPointY="0" event="none" duration="0.2" anchorpointX="231" anchorpointY="118" />
    <Frame RenderRectLeft="48" RenderRectTop="629" RenderRectRight="472" RenderRectBottom="867" CollisionRectLeft="48" CollisionRectTop="717" CollisionRectRight="472" CollisionRectBottom="867" ActiveRectLeft="48" ActiveRectTop="772" ActiveRectRight="137" ActiveRectBottom="867" EventPointX="0" EventPointY="0" event="none" duration="0.2" anchorpointX="228" anchorpointY="117" />
  </Animation>
  <Animation name="Boss Right Slam" spritesheet="testBoss.png" looping="1">
    <Frame RenderRectLeft="538" RenderRectTop="1014" RenderRectRight="944" RenderRectBottom="1180" CollisionRectLeft="538" CollisionRectTop="1101" CollisionRectRight="944" CollisionRectBottom="1180" ActiveRectLeft="854" ActiveRectTop="1031" ActiveRectRight="944" ActiveRectBottom="1109" EventPointX="0" EventPointY="0" event="none" duration="0.2" anchorpointX="196" anchorpointY="117" />
    <Frame RenderRectLeft="53" RenderRectTop="1150" RenderRectRight="469" RenderRectBottom="1323" CollisionRectLeft="53" CollisionRectTop="1239" CollisionRectRight="469" CollisionRectBottom="1323" ActiveRectLeft="373" ActiveRectTop="1169" ActiveRectRight="469" ActiveRectBottom="1256" EventPointX="0" EventPointY="0" event="none" duration="0.2" anchorpointX="195" anchorpointY="117" />
    <Frame RenderRectLeft="543" RenderRectTop="1208" RenderRectRight="975" RenderRectBottom="1389" CollisionRectLeft="543" CollisionRectTop="1298" CollisionRectRight="975" CollisionRectBottom="1389" ActiveRectLeft="870" ActiveRectTop="1242" ActiveRectRight="975" ActiveRectBottom="1338" EventPointX="0" EventPointY="0" event="none" duration="0.2" anchorpointX="195" anchorpointY="117" />
    <Frame RenderRectLeft="26" RenderRectTop="1336" RenderRectRight="452" RenderRectBottom="1524" CollisionRectLeft="26" CollisionRectTop="1425" CollisionRectRight="452" CollisionRectBottom="1524" ActiveRectLeft="364" ActiveRectTop="1400" ActiveRectRight="452" ActiveRectBottom="1497" EventPointX="0" EventPointY="0" event="none" duration="0.2" anchorpointX="195" anchorpointY="117" />
    <Frame RenderRectLeft="520" RenderRectTop="1395" RenderRectRight="947" RenderRectBottom="1614" CollisionRectLeft="520" CollisionRectTop="1485" CollisionRectRight="947" CollisionRectBottom="1614" ActiveRectLeft="862" ActiveRectTop="1514" ActiveRectRight="947" ActiveRectBottom="1614" EventPointX="0" EventPointY="0" event="none" duration="0.2" anchorpointX="195" anchorpointY="117" />
    <Frame RenderRectLeft="46" RenderRectTop="1571" RenderRectRight="470" RenderRectBottom="1809" CollisionRectLeft="46" CollisionRectTop="1662" CollisionRectRight="470" CollisionRectBottom="1809" ActiveRectLeft="380" ActiveRectTop="1708" ActiveRectRight="470" ActiveRectBottom="1809" EventPointX="0" EventPointY="0" event="none" duration="0.2" anchorpointX="195" anchorpointY="117" />
  </Animation>
  <Animation name="Boss Swipe" spritesheet="testBoss.png" looping="0">
    <Frame RenderRectLeft="1134" RenderRectTop="66" RenderRectRight="1526" RenderRectBottom="227" CollisionRectLeft="1134" CollisionRectTop="66" CollisionRectRight="1526" CollisionRectBottom="227" ActiveRectLeft="1134" ActiveRectTop="150" ActiveRectRight="1217" ActiveRectBottom="227" EventPointX="0" EventPointY="0" event="none" duration="0.2" anchorpointX="195" anchorpointY="43" />
    <Frame RenderRectLeft="1577" RenderRectTop="59" RenderRectRight="1938" RenderRectBottom="230" CollisionRectLeft="1577" CollisionRectTop="59" CollisionRectRight="1938" CollisionRectBottom="230" ActiveRectLeft="1577" ActiveRectTop="155" ActiveRectRight="1669" ActiveRectBottom="230" EventPointX="0" EventPointY="0" event="none" duration="0.2" anchorpointX="180" anchorpointY="30" />
    <Frame RenderRectLeft="1176" RenderRectTop="290" RenderRectRight="1496" RenderRectBottom="477" CollisionRectLeft="1176" CollisionRectTop="290" CollisionRectRight="1496" CollisionRectBottom="477" ActiveRectLeft="1176" ActiveRectTop="411" ActiveRectRight="1263" ActiveRectBottom="477" EventPointX="0" EventPointY="0" event="none" duration="0.2" anchorpointX="159" anchorpointY="26" />
    <Frame RenderRectLeft="1608" RenderRectTop="287" RenderRectRight="1889" RenderRectBottom="487" CollisionRectLeft="1608" CollisionRectTop="287" CollisionRectRight="1889" CollisionRectBottom="487" ActiveRectLeft="1608" ActiveRectTop="421" ActiveRectRight="1694" ActiveRectBottom="487" EventPointX="0" EventPointY="0" event="none" duration="0.2" anchorpointX="140" anchorpointY="24" />
    <Frame RenderRectLeft="1194" RenderRectTop="508" RenderRectRight="1437" RenderRectBottom="718" CollisionRectLeft="1194" CollisionRectTop="508" CollisionRectRight="1437" CollisionRectBottom="718" ActiveRectLeft="1194" ActiveRectTop="649" ActiveRectRight="1293" ActiveRectBottom="718" EventPointX="0" EventPointY="0" event="none" duration="0.2" anchorpointX="121" anchorpointY="24" />
    <Frame RenderRectLeft="1589" RenderRectTop="521" RenderRectRight="1799" RenderRectBottom="742" CollisionRectLeft="1589" CollisionRectTop="521" CollisionRectRight="1799" CollisionRectBottom="742" ActiveRectLeft="1589" ActiveRectTop="676" ActiveRectRight="1799" ActiveRectBottom="742" EventPointX="0" EventPointY="0" event="none" duration="0.2" anchorpointX="104" anchorpointY="21" />
  </Animation>
</Animations>