﻿<?xml version="1.0" encoding="utf-8"?>
<Animations Character="Skelleton">
  <Animation name="SwordDraw" spritesheet="Skeleton.png" looping="1">
    <Frame RenderRectLeft="497" RenderRectTop="440" RenderRectRight="558" RenderRectBottom="501" CollisionRectLeft="0" CollisionRectTop="0" CollisionRectRight="0" CollisionRectBottom="0" ActiveRectLeft="0" ActiveRectTop="0" ActiveRectRight="0" ActiveRectBottom="0" EventPointX="0" EventPointY="0" event="none" duration="0.2" anchorpointX="32" anchorpointY="55" />
    <Frame RenderRectLeft="562" RenderRectTop="441" RenderRectRight="613" RenderRectBottom="500" CollisionRectLeft="0" CollisionRectTop="0" CollisionRectRight="0" CollisionRectBottom="0" ActiveRectLeft="0" ActiveRectTop="0" ActiveRectRight="0" ActiveRectBottom="0" EventPointX="0" EventPointY="0" event="none" duration="0.2" anchorpointX="27" anchorpointY="54" />
    <Frame RenderRectLeft="616" RenderRectTop="406" RenderRectRight="707" RenderRectBottom="499" CollisionRectLeft="0" CollisionRectTop="0" CollisionRectRight="0" CollisionRectBottom="0" ActiveRectLeft="0" ActiveRectTop="0" ActiveRectRight="0" ActiveRectBottom="0" EventPointX="0" EventPointY="0" event="none" duration="0.2" anchorpointX="35" anchorpointY="90" />
  </Animation>
  <Animation name="Swing" spritesheet="Skeleton.png" looping="0">
    <Frame RenderRectLeft="2" RenderRectTop="243" RenderRectRight="115" RenderRectBottom="307" CollisionRectLeft="0" CollisionRectTop="0" CollisionRectRight="0" CollisionRectBottom="0" ActiveRectLeft="0" ActiveRectTop="0" ActiveRectRight="0" ActiveRectBottom="0" EventPointX="0" EventPointY="0" event="none" duration="0.2" anchorpointX="79" anchorpointY="61" />
    <Frame RenderRectLeft="112" RenderRectTop="231" RenderRectRight="198" RenderRectBottom="307" CollisionRectLeft="0" CollisionRectTop="0" CollisionRectRight="0" CollisionRectBottom="0" ActiveRectLeft="0" ActiveRectTop="0" ActiveRectRight="0" ActiveRectBottom="0" EventPointX="0" EventPointY="0" event="none" duration="0.2" anchorpointX="46" anchorpointY="74" />
    <Frame RenderRectLeft="205" RenderRectTop="241" RenderRectRight="301" RenderRectBottom="308" CollisionRectLeft="0" CollisionRectTop="0" CollisionRectRight="0" CollisionRectBottom="0" ActiveRectLeft="0" ActiveRectTop="0" ActiveRectRight="0" ActiveRectBottom="0" EventPointX="0" EventPointY="0" event="none" duration="0.2" anchorpointX="30" anchorpointY="65" />
    <Frame RenderRectLeft="305" RenderRectTop="252" RenderRectRight="404" RenderRectBottom="310" CollisionRectLeft="0" CollisionRectTop="0" CollisionRectRight="0" CollisionRectBottom="0" ActiveRectLeft="0" ActiveRectTop="0" ActiveRectRight="0" ActiveRectBottom="0" EventPointX="0" EventPointY="0" event="none" duration="0.2" anchorpointX="26" anchorpointY="51" />
    <Frame RenderRectLeft="408" RenderRectTop="252" RenderRectRight="503" RenderRectBottom="311" CollisionRectLeft="0" CollisionRectTop="0" CollisionRectRight="0" CollisionRectBottom="0" ActiveRectLeft="0" ActiveRectTop="0" ActiveRectRight="0" ActiveRectBottom="0" EventPointX="0" EventPointY="0" event="none" duration="0.2" anchorpointX="23" anchorpointY="50" />
  </Animation>
</Animations>