﻿<?xml version="1.0" encoding="utf-8"?>
<Animations Character="Turret">
  <Animation name="turretidle" spritesheet="Turret.png" looping="0">
    <Frame RenderRectLeft="8" RenderRectTop="46" RenderRectRight="58" RenderRectBottom="89" CollisionRectLeft="13" CollisionRectTop="49" CollisionRectRight="51" CollisionRectBottom="86" ActiveRectLeft="0" ActiveRectTop="0" ActiveRectRight="0" ActiveRectBottom="0" EventPointX="0" EventPointY="0" event="none" duration="0" anchorpointX="23" anchorpointY="38" />
  </Animation>
  <Animation name="turretfire" spritesheet="Turret.png" looping="1">
    <Frame RenderRectLeft="13" RenderRectTop="286" RenderRectRight="57" RenderRectBottom="331" CollisionRectLeft="0" CollisionRectTop="0" CollisionRectRight="0" CollisionRectBottom="0" ActiveRectLeft="0" ActiveRectTop="0" ActiveRectRight="0" ActiveRectBottom="0" EventPointX="0" EventPointY="0" event="none" duration="0.2" anchorpointX="20" anchorpointY="39" />
    <Frame RenderRectLeft="82" RenderRectTop="286" RenderRectRight="133" RenderRectBottom="331" CollisionRectLeft="0" CollisionRectTop="0" CollisionRectRight="0" CollisionRectBottom="0" ActiveRectLeft="0" ActiveRectTop="0" ActiveRectRight="0" ActiveRectBottom="0" EventPointX="0" EventPointY="0" event="none" duration="0.2" anchorpointX="23" anchorpointY="39" />
    <Frame RenderRectLeft="175" RenderRectTop="288" RenderRectRight="228" RenderRectBottom="330" CollisionRectLeft="0" CollisionRectTop="0" CollisionRectRight="0" CollisionRectBottom="0" ActiveRectLeft="0" ActiveRectTop="0" ActiveRectRight="0" ActiveRectBottom="0" EventPointX="0" EventPointY="0" event="none" duration="0.2" anchorpointX="26" anchorpointY="37" />
    <Frame RenderRectLeft="275" RenderRectTop="290" RenderRectRight="327" RenderRectBottom="330" CollisionRectLeft="0" CollisionRectTop="0" CollisionRectRight="0" CollisionRectBottom="0" ActiveRectLeft="0" ActiveRectTop="0" ActiveRectRight="0" ActiveRectBottom="0" EventPointX="0" EventPointY="0" event="none" duration="0.1" anchorpointX="25" anchorpointY="35" />
    <Frame RenderRectLeft="349" RenderRectTop="255" RenderRectRight="417" RenderRectBottom="338" CollisionRectLeft="0" CollisionRectTop="0" CollisionRectRight="0" CollisionRectBottom="0" ActiveRectLeft="0" ActiveRectTop="0" ActiveRectRight="0" ActiveRectBottom="0" EventPointX="0" EventPointY="0" event="none" duration="0.2" anchorpointX="31" anchorpointY="66" />
    <Frame RenderRectLeft="5" RenderRectTop="344" RenderRectRight="67" RenderRectBottom="404" CollisionRectLeft="0" CollisionRectTop="0" CollisionRectRight="0" CollisionRectBottom="0" ActiveRectLeft="0" ActiveRectTop="0" ActiveRectRight="0" ActiveRectBottom="0" EventPointX="0" EventPointY="0" event="none" duration="0.1" anchorpointX="26" anchorpointY="53" />
    <Frame RenderRectLeft="70" RenderRectTop="346" RenderRectRight="127" RenderRectBottom="406" CollisionRectLeft="0" CollisionRectTop="0" CollisionRectRight="0" CollisionRectBottom="0" ActiveRectLeft="0" ActiveRectTop="0" ActiveRectRight="0" ActiveRectBottom="0" EventPointX="0" EventPointY="0" event="none" duration="0.1" anchorpointX="21" anchorpointY="52" />
    <Frame RenderRectLeft="132" RenderRectTop="342" RenderRectRight="190" RenderRectBottom="406" CollisionRectLeft="0" CollisionRectTop="0" CollisionRectRight="0" CollisionRectBottom="0" ActiveRectLeft="0" ActiveRectTop="0" ActiveRectRight="0" ActiveRectBottom="0" EventPointX="0" EventPointY="0" event="none" duration="0.1" anchorpointX="23" anchorpointY="56" />
    <Frame RenderRectLeft="198" RenderRectTop="342" RenderRectRight="255" RenderRectBottom="411" CollisionRectLeft="0" CollisionRectTop="0" CollisionRectRight="0" CollisionRectBottom="0" ActiveRectLeft="0" ActiveRectTop="0" ActiveRectRight="0" ActiveRectBottom="0" EventPointX="0" EventPointY="0" event="none" duration="0.1" anchorpointX="21" anchorpointY="56" />
    <Frame RenderRectLeft="254" RenderRectTop="342" RenderRectRight="314" RenderRectBottom="412" CollisionRectLeft="0" CollisionRectTop="0" CollisionRectRight="0" CollisionRectBottom="0" ActiveRectLeft="0" ActiveRectTop="0" ActiveRectRight="0" ActiveRectBottom="0" EventPointX="0" EventPointY="0" event="none" duration="0.1" anchorpointX="29" anchorpointY="56" />
    <Frame RenderRectLeft="315" RenderRectTop="347" RenderRectRight="380" RenderRectBottom="411" CollisionRectLeft="0" CollisionRectTop="0" CollisionRectRight="0" CollisionRectBottom="0" ActiveRectLeft="0" ActiveRectTop="0" ActiveRectRight="0" ActiveRectBottom="0" EventPointX="0" EventPointY="0" event="none" duration="0.1" anchorpointX="33" anchorpointY="51" />
    <Frame RenderRectLeft="383" RenderRectTop="337" RenderRectRight="445" RenderRectBottom="404" CollisionRectLeft="0" CollisionRectTop="0" CollisionRectRight="0" CollisionRectBottom="0" ActiveRectLeft="0" ActiveRectTop="0" ActiveRectRight="0" ActiveRectBottom="0" EventPointX="0" EventPointY="0" event="none" duration="0.1" anchorpointX="29" anchorpointY="61" />
  </Animation>
</Animations>