﻿<?xml version="1.0" encoding="utf-8"?>
<Animations Character="Yeti">
  <Animation name="yetiidle" spritesheet="Yeti.png" looping="1">
    <Frame RenderRectLeft="6" RenderRectTop="28" RenderRectRight="111" RenderRectBottom="142" CollisionRectLeft="0" CollisionRectTop="0" CollisionRectRight="0" CollisionRectBottom="0" ActiveRectLeft="0" ActiveRectTop="0" ActiveRectRight="0" ActiveRectBottom="0" EventPointX="0" EventPointY="0" event="none" duration="0.4" anchorpointX="49" anchorpointY="110" />
    <Frame RenderRectLeft="115" RenderRectTop="34" RenderRectRight="220" RenderRectBottom="142" CollisionRectLeft="0" CollisionRectTop="0" CollisionRectRight="0" CollisionRectBottom="0" ActiveRectLeft="0" ActiveRectTop="0" ActiveRectRight="0" ActiveRectBottom="0" EventPointX="0" EventPointY="0" event="none" duration="0.1" anchorpointX="53" anchorpointY="104" />
    <Frame RenderRectLeft="235" RenderRectTop="27" RenderRectRight="339" RenderRectBottom="142" CollisionRectLeft="0" CollisionRectTop="0" CollisionRectRight="0" CollisionRectBottom="0" ActiveRectLeft="0" ActiveRectTop="0" ActiveRectRight="0" ActiveRectBottom="0" EventPointX="0" EventPointY="0" event="none" duration="1.5" anchorpointX="47" anchorpointY="111" />
  </Animation>
  <Animation name="yetiwalking" spritesheet="Yeti.png" looping="1">
    <Frame RenderRectLeft="4" RenderRectTop="180" RenderRectRight="116" RenderRectBottom="298" CollisionRectLeft="0" CollisionRectTop="0" CollisionRectRight="0" CollisionRectBottom="0" ActiveRectLeft="0" ActiveRectTop="0" ActiveRectRight="0" ActiveRectBottom="0" EventPointX="0" EventPointY="0" event="none" duration="0.3" anchorpointX="64" anchorpointY="115" />
    <Frame RenderRectLeft="116" RenderRectTop="185" RenderRectRight="241" RenderRectBottom="298" CollisionRectLeft="0" CollisionRectTop="0" CollisionRectRight="0" CollisionRectBottom="0" ActiveRectLeft="0" ActiveRectTop="0" ActiveRectRight="0" ActiveRectBottom="0" EventPointX="0" EventPointY="0" event="none" duration="0.3" anchorpointX="77" anchorpointY="110" />
    <Frame RenderRectLeft="239" RenderRectTop="178" RenderRectRight="354" RenderRectBottom="300" CollisionRectLeft="0" CollisionRectTop="0" CollisionRectRight="0" CollisionRectBottom="0" ActiveRectLeft="0" ActiveRectTop="0" ActiveRectRight="0" ActiveRectBottom="0" EventPointX="0" EventPointY="0" event="none" duration="0.3" anchorpointX="67" anchorpointY="118" />
    <Frame RenderRectLeft="363" RenderRectTop="193" RenderRectRight="485" RenderRectBottom="301" CollisionRectLeft="0" CollisionRectTop="0" CollisionRectRight="0" CollisionRectBottom="0" ActiveRectLeft="0" ActiveRectTop="0" ActiveRectRight="0" ActiveRectBottom="0" EventPointX="0" EventPointY="0" event="none" duration="0.3" anchorpointX="74" anchorpointY="103" />
  </Animation>
  <Animation name="yetispecial" spritesheet="Yeti.png" looping="1">
    <Frame RenderRectLeft="6" RenderRectTop="811" RenderRectRight="112" RenderRectBottom="928" CollisionRectLeft="0" CollisionRectTop="0" CollisionRectRight="0" CollisionRectBottom="0" ActiveRectLeft="0" ActiveRectTop="0" ActiveRectRight="0" ActiveRectBottom="0" EventPointX="0" EventPointY="0" event="none" duration="0.4" anchorpointX="56" anchorpointY="110" />
    <Frame RenderRectLeft="114" RenderRectTop="806" RenderRectRight="229" RenderRectBottom="928" CollisionRectLeft="0" CollisionRectTop="0" CollisionRectRight="0" CollisionRectBottom="0" ActiveRectLeft="0" ActiveRectTop="0" ActiveRectRight="0" ActiveRectBottom="0" EventPointX="0" EventPointY="0" event="none" duration="0.4" anchorpointX="59" anchorpointY="115" />
    <Frame RenderRectLeft="226" RenderRectTop="818" RenderRectRight="333" RenderRectBottom="928" CollisionRectLeft="0" CollisionRectTop="0" CollisionRectRight="0" CollisionRectBottom="0" ActiveRectLeft="0" ActiveRectTop="0" ActiveRectRight="0" ActiveRectBottom="0" EventPointX="0" EventPointY="0" event="none" duration="0.4" anchorpointX="57" anchorpointY="103" />
    <Frame RenderRectLeft="338" RenderRectTop="813" RenderRectRight="443" RenderRectBottom="933" CollisionRectLeft="0" CollisionRectTop="0" CollisionRectRight="0" CollisionRectBottom="0" ActiveRectLeft="0" ActiveRectTop="0" ActiveRectRight="0" ActiveRectBottom="0" EventPointX="0" EventPointY="0" event="none" duration="0.4" anchorpointX="55" anchorpointY="108" />
    <Frame RenderRectLeft="446" RenderRectTop="811" RenderRectRight="556" RenderRectBottom="930" CollisionRectLeft="0" CollisionRectTop="0" CollisionRectRight="0" CollisionRectBottom="0" ActiveRectLeft="0" ActiveRectTop="0" ActiveRectRight="0" ActiveRectBottom="0" EventPointX="0" EventPointY="0" event="none" duration="0.4" anchorpointX="58" anchorpointY="110" />
    <Frame RenderRectLeft="559" RenderRectTop="813" RenderRectRight="668" RenderRectBottom="928" CollisionRectLeft="0" CollisionRectTop="0" CollisionRectRight="0" CollisionRectBottom="0" ActiveRectLeft="0" ActiveRectTop="0" ActiveRectRight="0" ActiveRectBottom="0" EventPointX="0" EventPointY="0" event="none" duration="0.4" anchorpointX="53" anchorpointY="108" />
  </Animation>
  <Animation name="yetismash" spritesheet="Yeti.png" looping="0">
    <Frame RenderRectLeft="7" RenderRectTop="406" RenderRectRight="129" RenderRectBottom="518" CollisionRectLeft="0" CollisionRectTop="0" CollisionRectRight="0" CollisionRectBottom="0" ActiveRectLeft="0" ActiveRectTop="0" ActiveRectRight="0" ActiveRectBottom="0" EventPointX="0" EventPointY="0" event="none" duration="0.2" anchorpointX="65" anchorpointY="107" />
    <Frame RenderRectLeft="134" RenderRectTop="401" RenderRectRight="279" RenderRectBottom="516" CollisionRectLeft="0" CollisionRectTop="0" CollisionRectRight="0" CollisionRectBottom="0" ActiveRectLeft="0" ActiveRectTop="0" ActiveRectRight="0" ActiveRectBottom="0" EventPointX="0" EventPointY="0" event="none" duration="0.2" anchorpointX="82" anchorpointY="112" />
    <Frame RenderRectLeft="275" RenderRectTop="321" RenderRectRight="412" RenderRectBottom="514" CollisionRectLeft="0" CollisionRectTop="0" CollisionRectRight="0" CollisionRectBottom="0" ActiveRectLeft="0" ActiveRectTop="0" ActiveRectRight="0" ActiveRectBottom="0" EventPointX="0" EventPointY="0" event="none" duration="0.2" anchorpointX="79" anchorpointY="192" />
    <Frame RenderRectLeft="415" RenderRectTop="323" RenderRectRight="525" RenderRectBottom="519" CollisionRectLeft="0" CollisionRectTop="0" CollisionRectRight="0" CollisionRectBottom="0" ActiveRectLeft="0" ActiveRectTop="0" ActiveRectRight="0" ActiveRectBottom="0" EventPointX="0" EventPointY="0" event="none" duration="0.2" anchorpointX="52" anchorpointY="190" />
    <Frame RenderRectLeft="541" RenderRectTop="406" RenderRectRight="766" RenderRectBottom="519" CollisionRectLeft="0" CollisionRectTop="0" CollisionRectRight="0" CollisionRectBottom="0" ActiveRectLeft="0" ActiveRectTop="0" ActiveRectRight="0" ActiveRectBottom="0" EventPointX="0" EventPointY="0" event="none" duration="0.2" anchorpointX="155" anchorpointY="108" />
    <Frame RenderRectLeft="2" RenderRectTop="544" RenderRectRight="224" RenderRectBottom="644" CollisionRectLeft="0" CollisionRectTop="0" CollisionRectRight="0" CollisionRectBottom="0" ActiveRectLeft="0" ActiveRectTop="0" ActiveRectRight="0" ActiveRectBottom="0" EventPointX="0" EventPointY="0" event="none" duration="0.2" anchorpointX="160" anchorpointY="96" />
    <Frame RenderRectLeft="231" RenderRectTop="536" RenderRectRight="458" RenderRectBottom="644" CollisionRectLeft="0" CollisionRectTop="0" CollisionRectRight="0" CollisionRectBottom="0" ActiveRectLeft="0" ActiveRectTop="0" ActiveRectRight="0" ActiveRectBottom="0" EventPointX="0" EventPointY="0" event="none" duration="0.2" anchorpointX="165" anchorpointY="104" />
    <Frame RenderRectLeft="459" RenderRectTop="531" RenderRectRight="677" RenderRectBottom="646" CollisionRectLeft="0" CollisionRectTop="0" CollisionRectRight="0" CollisionRectBottom="0" ActiveRectLeft="0" ActiveRectTop="0" ActiveRectRight="0" ActiveRectBottom="0" EventPointX="0" EventPointY="0" event="none" duration="0.2" anchorpointX="159" anchorpointY="109" />
    <Frame RenderRectLeft="697" RenderRectTop="534" RenderRectRight="874" RenderRectBottom="641" CollisionRectLeft="0" CollisionRectTop="0" CollisionRectRight="0" CollisionRectBottom="0" ActiveRectLeft="0" ActiveRectTop="0" ActiveRectRight="0" ActiveRectBottom="0" EventPointX="0" EventPointY="0" event="none" duration="0.2" anchorpointX="116" anchorpointY="106" />
  </Animation>
  <Animation name="yetijump" spritesheet="Yeti.png" looping="0">
    <Frame RenderRectLeft="411" RenderRectTop="313" RenderRectRight="533" RenderRectBottom="513" CollisionRectLeft="0" CollisionRectTop="0" CollisionRectRight="0" CollisionRectBottom="0" ActiveRectLeft="0" ActiveRectTop="0" ActiveRectRight="0" ActiveRectBottom="0" EventPointX="0" EventPointY="0" event="none" duration="0.2" anchorpointX="73" anchorpointY="197" />
  </Animation>
  <Animation name="yetideath" spritesheet="Yeti.png" looping="1">
    <Frame RenderRectLeft="1" RenderRectTop="1101" RenderRectRight="108" RenderRectBottom="1216" CollisionRectLeft="0" CollisionRectTop="0" CollisionRectRight="0" CollisionRectBottom="0" ActiveRectLeft="0" ActiveRectTop="0" ActiveRectRight="0" ActiveRectBottom="0" EventPointX="0" EventPointY="0" event="none" duration="0.2" anchorpointX="55" anchorpointY="107" />
    <Frame RenderRectLeft="121" RenderRectTop="1111" RenderRectRight="235" RenderRectBottom="1213" CollisionRectLeft="0" CollisionRectTop="0" CollisionRectRight="0" CollisionRectBottom="0" ActiveRectLeft="0" ActiveRectTop="0" ActiveRectRight="0" ActiveRectBottom="0" EventPointX="0" EventPointY="0" event="none" duration="0.2" anchorpointX="51" anchorpointY="97" />
    <Frame RenderRectLeft="237" RenderRectTop="1113" RenderRectRight="361" RenderRectBottom="1215" CollisionRectLeft="0" CollisionRectTop="0" CollisionRectRight="0" CollisionRectBottom="0" ActiveRectLeft="0" ActiveRectTop="0" ActiveRectRight="0" ActiveRectBottom="0" EventPointX="0" EventPointY="0" event="none" duration="0.2" anchorpointX="71" anchorpointY="95" />
    <Frame RenderRectLeft="370" RenderRectTop="1138" RenderRectRight="558" RenderRectBottom="1223" CollisionRectLeft="0" CollisionRectTop="0" CollisionRectRight="0" CollisionRectBottom="0" ActiveRectLeft="0" ActiveRectTop="0" ActiveRectRight="0" ActiveRectBottom="0" EventPointX="0" EventPointY="0" event="none" duration="0.2" anchorpointX="93" anchorpointY="70" />
    <Frame RenderRectLeft="555" RenderRectTop="1126" RenderRectRight="734" RenderRectBottom="1218" CollisionRectLeft="0" CollisionRectTop="0" CollisionRectRight="0" CollisionRectBottom="0" ActiveRectLeft="0" ActiveRectTop="0" ActiveRectRight="0" ActiveRectBottom="0" EventPointX="0" EventPointY="0" event="none" duration="0.2" anchorpointX="90" anchorpointY="82" />
    <Frame RenderRectLeft="740" RenderRectTop="1135" RenderRectRight="935" RenderRectBottom="1216" CollisionRectLeft="0" CollisionRectTop="0" CollisionRectRight="0" CollisionRectBottom="0" ActiveRectLeft="0" ActiveRectTop="0" ActiveRectRight="0" ActiveRectBottom="0" EventPointX="0" EventPointY="0" event="none" duration="0.2" anchorpointX="96" anchorpointY="73" />
    <Frame RenderRectLeft="931" RenderRectTop="1138" RenderRectRight="1123" RenderRectBottom="1216" CollisionRectLeft="0" CollisionRectTop="0" CollisionRectRight="0" CollisionRectBottom="0" ActiveRectLeft="0" ActiveRectTop="0" ActiveRectRight="0" ActiveRectBottom="0" EventPointX="0" EventPointY="0" event="none" duration="0.2" anchorpointX="90" anchorpointY="70" />
  </Animation>
</Animations>